outcome,spec,term,estimate,n,rmse,r2,note
happiness,spec0_ndvi_only,Intercept,3.906433496187512,11061,0.8203964535287116,0.00020330798496892566,
happiness,spec0_ndvi_only,mean_ndvi,-2.2563746293866664e-05,11061,0.8203964535287116,0.00020330798496892566,
happiness,spec1_demographics,Intercept,3.947793996492403,11061,0.8110968601269497,0.022741205816826482,
happiness,spec1_demographics,mean_ndvi,1.8635702237747936e-05,11061,0.8110968601269497,0.022741205816826482,
happiness,spec1_demographics,age,-0.01779499851160971,11061,0.8110968601269497,0.022741205816826482,
happiness,spec1_demographics,age2,0.00021241891286442207,11061,0.8110968601269497,0.022741205816826482,
happiness,spec1_demographics,female,0.05814413573779747,11061,0.8110968601269497,0.022741205816826482,
happiness,spec1_demographics,minority,-0.013502673536950671,11061,0.8110968601269497,0.022741205816826482,
happiness,spec1_demographics,educ_years,0.023224991455387582,11061,0.8110968601269497,0.022741205816826482,
happiness,spec2_income,Intercept,3.461659530808554,9864,0.8027583549724718,0.04104375826601925,
happiness,spec2_income,mean_ndvi,4.2624927337639374e-05,9864,0.8027583549724718,0.04104375826601925,
happiness,spec2_income,age,-0.0208108603088661,9864,0.8027583549724718,0.04104375826601925,
happiness,spec2_income,age2,0.0002502490251740623,9864,0.8027583549724718,0.04104375826601925,
happiness,spec2_income,female,0.051602625311653584,9864,0.8027583549724718,0.04104375826601925,
happiness,spec2_income,minority,0.009360441474403293,9864,0.8027583549724718,0.04104375826601925,
happiness,spec2_income,educ_years,0.016217009905633503,9864,0.8027583549724718,0.04104375826601925,
happiness,spec2_income,ln_personal_income,0.0010241394045106893,9864,0.8027583549724718,0.04104375826601925,
happiness,spec2_income,ln_household_income,0.0557001128309174,9864,0.8027583549724718,0.04104375826601925,
happiness,spec3_full_controls,Intercept,2.932159416252992,9854,0.775516159713199,0.10554115353812599,
happiness,spec3_full_controls,mean_ndvi,5.132334885929253e-05,9854,0.775516159713199,0.10554115353812599,
happiness,spec3_full_controls,age,-0.026251328380643615,9854,0.775516159713199,0.10554115353812599,
happiness,spec3_full_controls,age2,0.00033001202784890534,9854,0.775516159713199,0.10554115353812599,
happiness,spec3_full_controls,female,0.07627585901360205,9854,0.775516159713199,0.10554115353812599,
happiness,spec3_full_controls,minority,0.0388322384128222,9854,0.775516159713199,0.10554115353812599,
happiness,spec3_full_controls,educ_years,0.009097390382733944,9854,0.775516159713199,0.10554115353812599,
happiness,spec3_full_controls,ln_personal_income,-0.0031215985702703133,9854,0.775516159713199,0.10554115353812599,
happiness,spec3_full_controls,ln_household_income,0.04317202583416324,9854,0.775516159713199,0.10554115353812599,
happiness,spec3_full_controls,health,0.19043109708232375,9854,0.775516159713199,0.10554115353812599,
happiness,spec3_full_controls,rural_hukou,-0.060988185534055286,9854,0.775516159713199,0.10554115353812599,
happiness,spec3_full_controls,married,0.20466197862442306,9854,0.775516159713199,0.10554115353812599,
happiness,spec3_full_controls,ccp_member,0.09286138210955408,9854,0.775516159713199,0.10554115353812599,
happiness,spec3_full_controls,urban_community,-0.03497119510731441,9854,0.775516159713199,0.10554115353812599,
ln_wtp_air3,spec0_ndvi_only,Intercept,0.47556334962727664,11061,1.149802296836181,0.00031642321510039206,
ln_wtp_air3,spec0_ndvi_only,mean_ndvi,-3.9454098631908635e-05,11061,1.149802296836181,0.00031642321510039206,
ln_wtp_air3,spec1_demographics,Intercept,0.7971514217243584,11061,1.1436852772378878,0.010924886486974095,
ln_wtp_air3,spec1_demographics,mean_ndvi,-2.861795552826605e-05,11061,1.1436852772378878,0.010924886486974095,
ln_wtp_air3,spec1_demographics,age,-0.010493302706584764,11061,1.1436852772378878,0.010924886486974095,
ln_wtp_air3,spec1_demographics,age2,4.949453765728881e-05,11061,1.1436852772378878,0.010924886486974095,
ln_wtp_air3,spec1_demographics,female,0.0017117872852441779,11061,1.1436852772378878,0.010924886486974095,
ln_wtp_air3,spec1_demographics,minority,-0.057256611883514955,11061,1.1436852772378878,0.010924886486974095,
ln_wtp_air3,spec1_demographics,educ_years,0.008627446440028672,11061,1.1436852772378878,0.010924886486974095,
ln_wtp_air3,spec2_income,Intercept,0.5230525403244675,9864,1.143639601000049,0.01133898718885018,
ln_wtp_air3,spec2_income,mean_ndvi,-1.8569652125399167e-05,9864,1.143639601000049,0.01133898718885018,
ln_wtp_air3,spec2_income,age,-0.010101958563251514,9864,1.143639601000049,0.01133898718885018,
ln_wtp_air3,spec2_income,age2,4.9755346343139824e-05,9864,1.143639601000049,0.01133898718885018,
ln_wtp_air3,spec2_income,female,0.014996562133111856,9864,1.143639601000049,0.01133898718885018,
ln_wtp_air3,spec2_income,minority,-0.03047463573619129,9864,1.143639601000049,0.01133898718885018,
ln_wtp_air3,spec2_income,educ_years,0.0033047199127057736,9864,1.143639601000049,0.01133898718885018,
ln_wtp_air3,spec2_income,ln_personal_income,0.005682183148412899,9864,1.143639601000049,0.01133898718885018,
ln_wtp_air3,spec2_income,ln_household_income,0.023501421267720864,9864,1.143639601000049,0.01133898718885018,
ln_wtp_air3,spec3_full_controls,Intercept,0.689155655595652,9854,1.1428618188097404,0.013105015375086793,
ln_wtp_air3,spec3_full_controls,mean_ndvi,-3.964428845229164e-06,9854,1.1428618188097404,0.013105015375086793,
ln_wtp_air3,spec3_full_controls,age,-0.012507219365612119,9854,1.1428618188097404,0.013105015375086793,
ln_wtp_air3,spec3_full_controls,age2,6.536188851577277e-05,9854,1.1428618188097404,0.013105015375086793,
ln_wtp_air3,spec3_full_controls,female,0.005280725798870645,9854,1.1428618188097404,0.013105015375086793,
ln_wtp_air3,spec3_full_controls,minority,-0.010192983388867498,9854,1.1428618188097404,0.013105015375086793,
ln_wtp_air3,spec3_full_controls,educ_years,-0.001726443084152492,9854,1.1428618188097404,0.013105015375086793,
ln_wtp_air3,spec3_full_controls,ln_personal_income,0.004201822187328697,9854,1.1428618188097404,0.013105015375086793,
ln_wtp_air3,spec3_full_controls,ln_household_income,0.018131240519188824,9854,1.1428618188097404,0.013105015375086793,
ln_wtp_air3,spec3_full_controls,health,0.0031802334573395657,9854,1.1428618188097404,0.013105015375086793,
ln_wtp_air3,spec3_full_controls,rural_hukou,-0.08430807141372489,9854,1.1428618188097404,0.013105015375086793,
ln_wtp_air3,spec3_full_controls,married,0.03510678203572642,9854,1.1428618188097404,0.013105015375086793,
ln_wtp_air3,spec3_full_controls,ccp_member,-0.017106474557656477,9854,1.1428618188097404,0.013105015375086793,
ln_wtp_air3,spec3_full_controls,urban_community,0.04709464749186369,9854,1.1428618188097404,0.013105015375086793,
