outcome,spec,term,estimate,std_error,p_value,n,r2,cov_type,note
happiness,spec0_ndvi_only,const,3.9064334961874905,0.03889512186697084,2.7517802944585142e-36,11061,0.00020330798500312053,cluster_by_province,
happiness,spec0_ndvi_only,mean_ndvi,-2.2563746293875463e-05,5.528166289558065e-05,0.6863752732345052,11061,0.00020330798500312053,cluster_by_province,
happiness,spec1_demographics,const,3.9477939964924964,0.08845122669040868,7.742306918977838e-27,11061,0.022741205816823706,cluster_by_province,
happiness,spec1_demographics,mean_ndvi,1.863570223708248e-05,4.3398994741184016e-05,0.6710365189974814,11061,0.022741205816823706,cluster_by_province,
happiness,spec1_demographics,age,-0.017794998511613636,0.002790976139973232,7.906392495423797e-07,11061,0.022741205816823706,cluster_by_province,
happiness,spec1_demographics,age2,0.00021241891286452746,2.6976839674695897e-05,1.823702624480169e-08,11061,0.022741205816823706,cluster_by_province,
happiness,spec1_demographics,female,0.05814413573779377,0.01289838083469586,0.00011425475616580603,11061,0.022741205816823706,cluster_by_province,
happiness,spec1_demographics,minority,-0.013502673536951592,0.037774493262445634,0.7235304263582798,11061,0.022741205816823706,cluster_by_province,
happiness,spec1_demographics,educ_years,0.023224991455387846,0.0029985626283998497,2.4942356647115196e-08,11061,0.022741205816823706,cluster_by_province,
happiness,spec2_income,const,3.4616595308080833,0.14277057219790854,7.345315079001561e-20,9864,0.041043758266020025,cluster_by_province,
happiness,spec2_income,mean_ndvi,4.2624927337623145e-05,3.902240244545837e-05,0.28434387979845305,9864,0.041043758266020025,cluster_by_province,
happiness,spec2_income,age,-0.020810860308812493,0.003269721344771509,8.139810255724347e-07,9864,0.041043758266020025,cluster_by_province,
happiness,spec2_income,age2,0.00025024902517357044,3.083229382120696e-05,1.0174972591200674e-08,9864,0.041043758266020025,cluster_by_province,
happiness,spec2_income,female,0.051602625311701705,0.01385265540246323,0.0009115667884858539,9864,0.041043758266020025,cluster_by_province,
happiness,spec2_income,minority,0.009360441474417946,0.04002422405357091,0.8168505868989427,9864,0.041043758266020025,cluster_by_province,
happiness,spec2_income,educ_years,0.016217009905660034,0.003034821429359097,1.2112541734794402e-05,9864,0.041043758266020025,cluster_by_province,
happiness,spec2_income,ln_personal_income,0.0010241394045305743,0.0024316895002107187,0.6769694244464619,9864,0.041043758266020025,cluster_by_province,
happiness,spec2_income,ln_household_income,0.05570011283079321,0.006913851747936193,1.175234987049665e-08,9864,0.041043758266020025,cluster_by_province,
happiness,spec3_full_controls,const,2.93215941625265,0.1586769135084585,7.492541832168885e-17,9854,0.10554115353812465,cluster_by_province,
happiness,spec3_full_controls,mean_ndvi,5.13233488592797e-05,3.296820803339333e-05,0.13117451278725428,9854,0.10554115353812465,cluster_by_province,
happiness,spec3_full_controls,age,-0.02625132838059699,0.003946773167802123,3.877679091332135e-07,9854,0.10554115353812465,cluster_by_province,
happiness,spec3_full_controls,age2,0.0003300120278484802,3.6363011146509636e-05,1.0904378670425202e-09,9854,0.10554115353812465,cluster_by_province,
happiness,spec3_full_controls,female,0.07627585901364133,0.013816203591688931,7.544354814584474e-06,9854,0.10554115353812465,cluster_by_province,
happiness,spec3_full_controls,minority,0.03883223841284904,0.042657935481329505,0.37071099103420113,9854,0.10554115353812465,cluster_by_province,
happiness,spec3_full_controls,educ_years,0.00909739038275347,0.002570210553020903,0.0014753224082657687,9854,0.10554115353812465,cluster_by_province,
happiness,spec3_full_controls,ln_personal_income,-0.003121598570254741,0.002183669974828695,0.16432457765405628,9854,0.10554115353812465,cluster_by_province,
happiness,spec3_full_controls,ln_household_income,0.043172025834031603,0.006138870569460996,1.4664351207260663e-07,9854,0.10554115353812465,cluster_by_province,
happiness,spec3_full_controls,health,0.19043109708239228,0.011716184716615482,1.8156777810435383e-15,9854,0.10554115353812465,cluster_by_province,
happiness,spec3_full_controls,rural_hukou,-0.06098818553406677,0.021526766139144653,0.008613529222473765,9854,0.10554115353812465,cluster_by_province,
happiness,spec3_full_controls,married,0.2046619786243408,0.020872300639050996,2.160615332662935e-10,9854,0.10554115353812465,cluster_by_province,
happiness,spec3_full_controls,ccp_member,0.0928613821095512,0.023946724120914805,0.0006108896185850332,9854,0.10554115353812465,cluster_by_province,
happiness,spec3_full_controls,urban_community,-0.03497119510724409,0.021722130252506786,0.11904342199983281,9854,0.10554115353812465,cluster_by_province,
ln_wtp_air3,spec0_ndvi_only,const,0.4755633496272773,0.027676591610586887,4.599024186085594e-16,11061,0.0003164232150955071,cluster_by_province,
ln_wtp_air3,spec0_ndvi_only,mean_ndvi,-3.945409863190778e-05,4.174342839581601e-05,0.3529607350229227,11061,0.0003164232150955071,cluster_by_province,
ln_wtp_air3,spec1_demographics,const,0.797151421724424,0.14066066181525008,5.107076625780534e-06,11061,0.010924886486983976,cluster_by_province,
ln_wtp_air3,spec1_demographics,mean_ndvi,-2.8617955528381124e-05,3.7322083276005916e-05,0.44986332755176384,11061,0.010924886486983976,cluster_by_province,
ln_wtp_air3,spec1_demographics,age,-0.01049330270658635,0.005014597415269465,0.045921854679318155,11061,0.010924886486983976,cluster_by_province,
ln_wtp_air3,spec1_demographics,age2,4.9494537657312725e-05,4.4339004069803675e-05,0.27414049040066446,11061,0.010924886486983976,cluster_by_province,
ln_wtp_air3,spec1_demographics,female,0.0017117872852366236,0.021576471809169294,0.9373506055505237,11061,0.010924886486983976,cluster_by_province,
ln_wtp_air3,spec1_demographics,minority,-0.05725661188351826,0.034525256625604864,0.10881163946116988,11061,0.010924886486983976,cluster_by_province,
ln_wtp_air3,spec1_demographics,educ_years,0.008627446440026994,0.0025765666126592026,0.0024064208569818295,11061,0.010924886486983976,cluster_by_province,
ln_wtp_air3,spec2_income,const,0.523052540323709,0.17060119703156287,0.004885094810322655,9864,0.011338987188843297,cluster_by_province,
ln_wtp_air3,spec2_income,mean_ndvi,-1.8569652125385394e-05,3.971607781327833e-05,0.643851084902518,9864,0.011338987188843297,cluster_by_province,
ln_wtp_air3,spec2_income,age,-0.010101958563221661,0.005225776201445304,0.06377404384654552,9864,0.011338987188843297,cluster_by_province,
ln_wtp_air3,spec2_income,age2,4.975534634287495e-05,4.442262070973447e-05,0.2725591516609771,9864,0.011338987188843297,cluster_by_province,
ln_wtp_air3,spec2_income,female,0.014996562133114292,0.024804072338115844,0.5504918316485853,9864,0.011338987188843297,cluster_by_province,
ln_wtp_air3,spec2_income,minority,-0.030474635736174926,0.03894784796316926,0.4407605465935813,9864,0.011338987188843297,cluster_by_province,
ln_wtp_air3,spec2_income,educ_years,0.0033047199127149342,0.00301658620737415,0.28296667214586185,9864,0.011338987188843297,cluster_by_province,
ln_wtp_air3,spec2_income,ln_personal_income,0.005682183148409082,0.004219689423441116,0.18930895458411653,9864,0.011338987188843297,cluster_by_province,
ln_wtp_air3,spec2_income,ln_household_income,0.02350142126771418,0.006836796000373298,0.00191757839482146,9864,0.011338987188843297,cluster_by_province,
ln_wtp_air3,spec3_full_controls,const,0.6891556555950199,0.19896159124106008,0.0017927783004247858,9854,0.013105015375088458,cluster_by_province,
ln_wtp_air3,spec3_full_controls,mean_ndvi,-3.964428845224479e-06,4.0459501214388834e-05,0.9226679178531924,9854,0.013105015375088458,cluster_by_province,
ln_wtp_air3,spec3_full_controls,age,-0.012507219365581131,0.004904152848909025,0.016748382925315553,9854,0.013105015375088458,cluster_by_province,
ln_wtp_air3,spec3_full_controls,age2,6.536188851549647e-05,4.093525256748718e-05,0.12196890415172425,9854,0.013105015375088458,cluster_by_province,
ln_wtp_air3,spec3_full_controls,female,0.005280725798878706,0.026255424298094205,0.8421052746511795,9854,0.013105015375088458,cluster_by_province,
ln_wtp_air3,spec3_full_controls,minority,-0.010192983388852432,0.040087364187112416,0.801214097944615,9854,0.013105015375088458,cluster_by_province,
ln_wtp_air3,spec3_full_controls,educ_years,-0.0017264430841431688,0.003555375588634942,0.6311775439263219,9854,0.013105015375088458,cluster_by_province,
ln_wtp_air3,spec3_full_controls,ln_personal_income,0.004201822187326954,0.004227294032380565,0.329060372699704,9854,0.013105015375088458,cluster_by_province,
ln_wtp_air3,spec3_full_controls,ln_household_income,0.0181312405191598,0.0073064162735548294,0.019600299056996933,9854,0.013105015375088458,cluster_by_province,
ln_wtp_air3,spec3_full_controls,health,0.0031802334573712457,0.01190935398283772,0.7914700764694574,9854,0.013105015375088458,cluster_by_province,
ln_wtp_air3,spec3_full_controls,rural_hukou,-0.08430807141371671,0.03089375531108404,0.011040260947297159,9854,0.013105015375088458,cluster_by_province,
ln_wtp_air3,spec3_full_controls,married,0.03510678203564877,0.037799388612895765,0.36123985539974146,9854,0.013105015375088458,cluster_by_province,
ln_wtp_air3,spec3_full_controls,ccp_member,-0.017106474557659724,0.041504728218947386,0.6834782744314192,9854,0.013105015375088458,cluster_by_province,
ln_wtp_air3,spec3_full_controls,urban_community,0.047094647491874725,0.03644378327456836,0.20722005828719237,9854,0.013105015375088458,cluster_by_province,
