path,filename,sensor,tile,date,julian_date,hms
C:\Users\26540\OneDrive\Study\UChicago\Spring\MACS 30123\project\Shanghai\HLS-VI.S30.T51RUP.2018011T023851.v2.0.NDVI.tif,HLS-VI.S30.T51RUP.2018011T023851.v2.0.NDVI.tif,S30,T51RUP,2018-01-11,2018011,023851
C:\Users\26540\OneDrive\Study\UChicago\Spring\MACS 30123\project\Shanghai\HLS-VI.S30.T51RTQ.2018044T023821.v2.0.NDVI.tif,HLS-VI.S30.T51RTQ.2018044T023821.v2.0.NDVI.tif,S30,T51RTQ,2018-02-13,2018044,023821
C:\Users\26540\OneDrive\Study\UChicago\Spring\MACS 30123\project\Shanghai\HLS-VI.S30.T51RUQ.2018044T023821.v2.0.NDVI.tif,HLS-VI.S30.T51RUQ.2018044T023821.v2.0.NDVI.tif,S30,T51RUQ,2018-02-13,2018044,023821
C:\Users\26540\OneDrive\Study\UChicago\Spring\MACS 30123\project\Shanghai\HLS-VI.S30.T51RUP.2018069T023539.v2.0.NDVI.tif,HLS-VI.S30.T51RUP.2018069T023539.v2.0.NDVI.tif,S30,T51RUP,2018-03-10,2018069,023539
C:\Users\26540\OneDrive\Study\UChicago\Spring\MACS 30123\project\Shanghai\HLS-VI.S30.T51RTQ.2018099T023549.v2.0.NDVI.tif,HLS-VI.S30.T51RTQ.2018099T023549.v2.0.NDVI.tif,S30,T51RTQ,2018-04-09,2018099,023549
C:\Users\26540\OneDrive\Study\UChicago\Spring\MACS 30123\project\Shanghai\HLS-VI.S30.T51RUP.2018099T023549.v2.0.NDVI.tif,HLS-VI.S30.T51RUP.2018099T023549.v2.0.NDVI.tif,S30,T51RUP,2018-04-09,2018099,023549
C:\Users\26540\OneDrive\Study\UChicago\Spring\MACS 30123\project\Shanghai\HLS-VI.S30.T51RUQ.2018099T023549.v2.0.NDVI.tif,HLS-VI.S30.T51RUQ.2018099T023549.v2.0.NDVI.tif,S30,T51RUQ,2018-04-09,2018099,023549
C:\Users\26540\OneDrive\Study\UChicago\Spring\MACS 30123\project\Shanghai\HLS-VI.S30.T51RTQ.2018109T023549.v2.0.NDVI.tif,HLS-VI.S30.T51RTQ.2018109T023549.v2.0.NDVI.tif,S30,T51RTQ,2018-04-19,2018109,023549
C:\Users\26540\OneDrive\Study\UChicago\Spring\MACS 30123\project\Shanghai\HLS-VI.S30.T51RUP.2018109T023549.v2.0.NDVI.tif,HLS-VI.S30.T51RUP.2018109T023549.v2.0.NDVI.tif,S30,T51RUP,2018-04-19,2018109,023549
C:\Users\26540\OneDrive\Study\UChicago\Spring\MACS 30123\project\Shanghai\HLS-VI.S30.T51RUQ.2018109T023549.v2.0.NDVI.tif,HLS-VI.S30.T51RUQ.2018109T023549.v2.0.NDVI.tif,S30,T51RUQ,2018-04-19,2018109,023549
C:\Users\26540\OneDrive\Study\UChicago\Spring\MACS 30123\project\Shanghai\HLS-VI.S30.T51RVQ.2018109T023549.v2.0.NDVI.tif,HLS-VI.S30.T51RVQ.2018109T023549.v2.0.NDVI.tif,S30,T51RVQ,2018-04-19,2018109,023549
C:\Users\26540\OneDrive\Study\UChicago\Spring\MACS 30123\project\Shanghai\HLS-VI.S30.T51RUQ.2018274T023551.v2.0.NDVI.tif,HLS-VI.S30.T51RUQ.2018274T023551.v2.0.NDVI.tif,S30,T51RUQ,2018-10-01,2018274,023551
C:\Users\26540\OneDrive\Study\UChicago\Spring\MACS 30123\project\Shanghai\HLS-VI.S30.T51RVQ.2018301T022811.v2.0.NDVI.tif,HLS-VI.S30.T51RVQ.2018301T022811.v2.0.NDVI.tif,S30,T51RVQ,2018-10-28,2018301,022811
C:\Users\26540\OneDrive\Study\UChicago\Spring\MACS 30123\project\Shanghai\HLS-VI.S30.T51SUR.2018301T022811.v2.0.NDVI.tif,HLS-VI.S30.T51SUR.2018301T022811.v2.0.NDVI.tif,S30,T51SUR,2018-10-28,2018301,022811
