province,manifest_file,output_folder
Anhui,anhui_ndvi_s3.txt,anhui
Beijing,beijing_ndvi_s3.txt,beijing
Chongqing,chongqing_ndvi_s3.txt,chongqing
Fujian,fujian_ndvi_s3.txt,fujian
Gansu,gansu_ndvi_s3.txt,gansu
Guangdong,guangdong_ndvi_s3.txt,guangdong
Guangxi,guangxi_ndvi_s3.txt,guangxi
Guizhou,guizhou_ndvi_s3.txt,guizhou
Hebei,hebei_ndvi_s3.txt,hebei
Heilongjiang,heilongjiang_ndvi_s3.txt,heilongjiang
Henan,henan_ndvi_s3.txt,henan
Hubei,hubei_ndvi_s3.txt,hubei
Hunan,hunan_ndvi_s3.txt,hunan
Inner Mongolia,neimenggu_ndvi_s3.txt,inner_mongolia
Jiangsu,jiangsu_ndvi_s3.txt,jiangsu
Jiangxi,jiangxi_ndvi_s3.txt,jiangxi
Jilin,jilin_ndvi_s3.txt,jilin
Liaoning,liaoning_ndvi_s3.txt,liaoning
Ningxia,ningxia_ndvi_s3.txt,ningxia
Qinghai,qinghai_ndvi_s3.txt,qinghai
Shandong,shandong_ndvi_s3.txt,shandong
Shanghai,shanghai_ndvi_s3.txt,shanghai
Shanxi,sha-nxi_ndvi_s3.txt,shanxi
Shaanxi,shanxi_ndvi_s3.txt,shaanxi
Sichuan,sichuan_ndvi_s3.txt,sichuan
Tianjin,tianjing_ndvi_s3.txt,tianjin
Xinjiang,xinjiang_ndvi_s3.txt,xinjiang
Yunnan,yunnan_ndvi_s3.txt,yunnan
Zhejiang,zhejiang_ndvi_s3.txt,zhejiang