date,n_tiles,tiles,mean_ndvi,sd_ndvi,n_valid_pixels,files
2018-01-10,1,T50SNJ,0.1671337988826816,0.07270856728802233,358,HLS-VI.S30.T50SNJ.2018010T030631.v2.0.NDVI.tif
2018-01-13,1,T50SMJ,0.18254112148691842,0.08074680106508886,1111453,HLS-VI.S30.T50SMJ.2018013T031101.v2.0.NDVI.tif
2018-01-18,1,T50TNL,0.28058381083298917,0.11703365756802299,956615,HLS-VI.S30.T50TNL.2018018T031039.v2.0.NDVI.tif
2018-01-30,1,T50TNK,0.260534419391129,0.12147976678999131,438221,HLS-VI.S30.T50TNK.2018030T030631.v2.0.NDVI.tif
2018-02-12,1,T50SLJ,0.22940702260853904,0.08936549469328003,222040,HLS-VI.S30.T50SLJ.2018043T030831.v2.0.NDVI.tif
2018-02-24,1,T50TNK,0.2680961794827515,0.1096305338497494,2067207,HLS-VI.S30.T50TNK.2018055T025709.v2.0.NDVI.tif
2018-03-01,2,"T50TML,T50TNL",0.29331407249960706,0.11209884713145694,3238721,HLS-VI.S30.T50TML.2018060T025631.v2.0.NDVI.tif|HLS-VI.S30.T50TNL.2018060T025631.v2.0.NDVI.tif
2018-03-16,2,"T50TML,T50TNK",0.28000900902799464,0.10155211782769039,4460348,HLS-VI.S30.T50TML.2018075T025539.v2.0.NDVI.tif|HLS-VI.S30.T50TNK.2018075T025539.v2.0.NDVI.tif
2018-03-21,2,"T50TML,T50TNL",0.267521435063564,0.06663517381318593,3230282,HLS-VI.S30.T50TML.2018080T025541.v2.0.NDVI.tif|HLS-VI.S30.T50TNL.2018080T025541.v2.0.NDVI.tif
2018-03-24,4,"T50SLJ,T50TLL,T50TML,T50TNL",0.2882193040830401,0.09864298767475746,4700762,HLS-VI.S30.T50SLJ.2018083T030541.v2.0.NDVI.tif|HLS-VI.S30.T50TLL.2018083T030541.v2.0.NDVI.tif|HLS-VI.S30.T50TML.2018083T030541.v2.0.NDVI.tif|HLS-VI.S30.T50TNL.2018083T030541.v2.0.NDVI.tif
2018-03-29,2,"T50TLK,T50TNK",0.1940745723989769,0.04605180732850198,4132883,HLS-VI.S30.T50TLK.2018088T030539.v2.0.NDVI.tif|HLS-VI.S30.T50TNK.2018088T030539.v2.0.NDVI.tif
2018-03-31,1,T50TML,0.27269107385809016,0.07252983641549769,2560031,HLS-VI.S30.T50TML.2018090T025541.v2.0.NDVI.tif
2018-04-08,2,"T50SLJ,T50TMK",0.24138713137189596,0.12064969005646692,11995389,HLS-VI.S30.T50SLJ.2018098T030539.v2.0.NDVI.tif|HLS-VI.S30.T50TMK.2018098T030539.v2.0.NDVI.tif
2018-04-15,5,"T50SMJ,T50TMK,T50TML,T50TNK,T50TNL",0.29396972190897525,0.14574024026126536,11158253,HLS-VI.S30.T50SMJ.2018105T025539.v2.0.NDVI.tif|HLS-VI.S30.T50TMK.2018105T025539.v2.0.NDVI.tif|HLS-VI.S30.T50TML.2018105T025539.v2.0.NDVI.tif|HLS-VI.S30.T50TNK.2018105T025539.v2.0.NDVI.tif|HLS-VI.S30.T50TNL.2018105T025539.v2.0.NDVI.tif
2018-04-20,1,T50TML,0.36915761671979214,0.08631613571396912,2552759,HLS-VI.S30.T50TML.2018110T025551.v2.0.NDVI.tif
2018-04-25,3,"T50TML,T50TNK,T50TNL",0.4504198733781076,0.13756212379805924,4978444,HLS-VI.S30.T50TML.2018115T025549.v2.0.NDVI.tif|HLS-VI.S30.T50TNK.2018115T025549.v2.0.NDVI.tif|HLS-VI.S30.T50TNL.2018115T025549.v2.0.NDVI.tif
2018-04-28,4,"T50TLK,T50TLL,T50TML,T50TNL",0.5157946791421336,0.12819364575035216,6558792,HLS-VI.S30.T50TLK.2018118T030539.v2.0.NDVI.tif|HLS-VI.S30.T50TLL.2018118T030539.v2.0.NDVI.tif|HLS-VI.S30.T50TML.2018118T030539.v2.0.NDVI.tif|HLS-VI.S30.T50TNL.2018118T030539.v2.0.NDVI.tif
2018-05-08,1,T50TML,0.6565196499036963,0.12972794333248058,3790100,HLS-VI.S30.T50TML.2018128T030539.v2.0.NDVI.tif
2018-05-13,1,T50TNL,0.6200203694930359,0.13414125603674806,989951,HLS-VI.S30.T50TNL.2018133T030541.v2.0.NDVI.tif
2018-05-23,2,"T50SLJ,T50TLK",0.7476176759860355,0.12529546031412003,2151648,HLS-VI.S30.T50SLJ.2018143T030541.v2.0.NDVI.tif|HLS-VI.S30.T50TLK.2018143T030541.v2.0.NDVI.tif
2018-06-04,2,"T50SNJ,T50TML",0.6949966316453376,0.14748900677182403,2505140,HLS-VI.S30.T50SNJ.2018155T025539.v2.0.NDVI.tif|HLS-VI.S30.T50TML.2018155T025539.v2.0.NDVI.tif
2018-09-22,1,T50TNK,0.7168360186721652,0.19226391098212248,2057394,HLS-VI.S30.T50TNK.2018265T025539.v2.0.NDVI.tif
2018-10-02,4,"T50TMK,T50TML,T50TNK,T50TNL",0.5861379013767622,0.21867133867020278,10911039,HLS-VI.S30.T50TMK.2018275T025539.v2.0.NDVI.tif|HLS-VI.S30.T50TML.2018275T025539.v2.0.NDVI.tif|HLS-VI.S30.T50TNK.2018275T025539.v2.0.NDVI.tif|HLS-VI.S30.T50TNL.2018275T025539.v2.0.NDVI.tif
2018-10-05,2,"T50TML,T50TNL",0.5940687516766043,0.10127082314689217,4450962,HLS-VI.S30.T50TML.2018278T030549.v2.0.NDVI.tif|HLS-VI.S30.T50TNL.2018278T030549.v2.0.NDVI.tif
2018-10-07,1,T50TNK,0.6437660443990492,0.1714138422277554,2030584,HLS-VI.S30.T50TNK.2018280T025601.v2.0.NDVI.tif
2018-10-17,2,"T50TML,T50TNL",0.4949160570995869,0.13160962264384152,3242055,HLS-VI.S30.T50TML.2018290T025711.v2.0.NDVI.tif|HLS-VI.S30.T50TNL.2018290T025711.v2.0.NDVI.tif
2018-10-30,1,T50TNL,0.39103107424824,0.12395691079337287,972252,HLS-VI.S30.T50TNL.2018303T030831.v2.0.NDVI.tif
2018-11-01,3,"T50TML,T50TNK,T50TNL",0.38613485452219787,0.13128415036801253,4914358,HLS-VI.S30.T50TML.2018305T025839.v2.0.NDVI.tif|HLS-VI.S30.T50TNK.2018305T025839.v2.0.NDVI.tif|HLS-VI.S30.T50TNL.2018305T025839.v2.0.NDVI.tif
2018-11-09,2,"T50SLJ,T50TLL",0.3287174921000562,0.103188643170121,237027,HLS-VI.S30.T50SLJ.2018313T030931.v2.0.NDVI.tif|HLS-VI.S30.T50TLL.2018313T030931.v2.0.NDVI.tif
2018-11-21,1,T50TNK,0.33650930829879216,0.1387031303067475,1984831,HLS-VI.S30.T50TNK.2018325T030019.v2.0.NDVI.tif
2018-11-24,4,"T50TLK,T50TLL,T50TML,T50TNL",0.3183484345838444,0.10940693845410557,6231985,HLS-VI.S30.T50TLK.2018328T031039.v2.0.NDVI.tif|HLS-VI.S30.T50TLL.2018328T031039.v2.0.NDVI.tif|HLS-VI.S30.T50TML.2018328T031039.v2.0.NDVI.tif|HLS-VI.S30.T50TNL.2018328T031039.v2.0.NDVI.tif
2018-11-29,3,"T50TLK,T50TLL,T50TML",0.3072634845058243,0.10680817299478344,5642120,HLS-VI.S30.T50TLK.2018333T031051.v2.0.NDVI.tif|HLS-VI.S30.T50TLL.2018333T031051.v2.0.NDVI.tif|HLS-VI.S30.T50TML.2018333T031051.v2.0.NDVI.tif
2018-12-14,1,T50TNL,0.26907187881047484,0.1136918607216745,981669,HLS-VI.S30.T50TNL.2018348T031129.v2.0.NDVI.tif
2018-12-16,2,"T50TML,T50TNL",0.3108404623223313,0.1134893981362688,3152995,HLS-VI.S30.T50TML.2018350T030121.v2.0.NDVI.tif|HLS-VI.S30.T50TNL.2018350T030121.v2.0.NDVI.tif
2018-12-21,2,"T50TML,T50TNK",0.2975115916730056,0.12433932527056472,4391549,HLS-VI.S30.T50TML.2018355T030129.v2.0.NDVI.tif|HLS-VI.S30.T50TNK.2018355T030129.v2.0.NDVI.tif
2018-12-26,3,"T50TML,T50TNK,T50TNL",0.3026194736977623,0.12637364200352913,4738494,HLS-VI.S30.T50TML.2018360T030121.v2.0.NDVI.tif|HLS-VI.S30.T50TNK.2018360T030121.v2.0.NDVI.tif|HLS-VI.S30.T50TNL.2018360T030121.v2.0.NDVI.tif
2018-12-31,1,T50TML,0.3000215159899623,0.1309557837028817,2446441,HLS-VI.S30.T50TML.2018365T030129.v2.0.NDVI.tif
