worker,province,manifest_file,ndvi_links,key
worker_01,Inner Mongolia,neimenggu_ndvi_s3.txt,3267,neimenggu
worker_01,Jilin,jilin_ndvi_s3.txt,434,jilin
worker_01,Hunan,hunan_ndvi_s3.txt,256,hunan
worker_01,Zhejiang,zhejiang_ndvi_s3.txt,201,zhejiang
worker_01,Chongqing,chongqing_ndvi_s3.txt,143,chongqing
worker_01,Tianjin,tianjing_ndvi_s3.txt,38,tianjing
worker_02,Gansu,gansu_ndvi_s3.txt,2523,gansu
worker_02,Sichuan,sichuan_ndvi_s3.txt,702,sichuan
worker_02,Hubei,hubei_ndvi_s3.txt,445,hubei
worker_02,Jiangxi,jiangxi_ndvi_s3.txt,288,jiangxi
worker_02,Henan,henan_ndvi_s3.txt,198,henan
worker_02,Jiangsu,jiangsu_ndvi_s3.txt,147,jiangsu
worker_02,Shanghai,shanghai_ndvi_s3.txt,14,shanghai
worker_03,Xinjiang,xinjiang_ndvi_s3.txt,1775,xinjiang
worker_03,Yunnan,yunnan_ndvi_s3.txt,978,yunnan
worker_03,Shanxi,sha-nxi_ndvi_s3.txt,476,sha-nxi
worker_03,Ningxia,ningxia_ndvi_s3.txt,438,ningxia
worker_03,Guangxi,guangxi_ndvi_s3.txt,301,guangxi
worker_03,Fujian,fujian_ndvi_s3.txt,167,fujian
worker_03,Anhui,anhui_ndvi_s3.txt,154,anhui
worker_03,Beijing,beijing_ndvi_s3.txt,73,beijing
worker_04,Heilongjiang,heilongjiang_ndvi_s3.txt,1359,heilongjiang
worker_04,Shaanxi,shanxi_ndvi_s3.txt,1128,shanxi
worker_04,Qinghai,qinghai_ndvi_s3.txt,923,qinghai
worker_04,Guangdong,guangdong_ndvi_s3.txt,330,guangdong
worker_04,Shandong,shandong_ndvi_s3.txt,216,shandong
worker_04,Guizhou,guizhou_ndvi_s3.txt,204,guizhou
worker_04,Hebei,hebei_ndvi_s3.txt,100,hebei
worker_04,Liaoning,liaoning_ndvi_s3.txt,100,liaoning
