path,filename,sensor,tile,date,julian_date,hms,raster_crs,raster_left,raster_bottom,raster_right,raster_top,intersects_target
/home/ec2-user/ndvi_sqs_work/ningxia/raw/HLS-VI.S30.T48SWG.2018012T034111.v2.0.NDVI.tif,HLS-VI.S30.T48SWG.2018012T034111.v2.0.NDVI.tif,S30,T48SWG,2018-01-12,2018012,034111,EPSG:32648,499980.0,4090200.0,609780.0,4200000.0,True
/home/ec2-user/ndvi_sqs_work/ningxia/raw/HLS-VI.S30.T48SXF.2018012T034111.v2.0.NDVI.tif,HLS-VI.S30.T48SXF.2018012T034111.v2.0.NDVI.tif,S30,T48SXF,2018-01-12,2018012,034111,EPSG:32648,600000.0,3990240.0,709800.0,4100040.0,True
/home/ec2-user/ndvi_sqs_work/ningxia/raw/HLS-VI.S30.T48SXG.2018012T034111.v2.0.NDVI.tif,HLS-VI.S30.T48SXG.2018012T034111.v2.0.NDVI.tif,S30,T48SXG,2018-01-12,2018012,034111,EPSG:32648,600000.0,4090200.0,709800.0,4200000.0,True
/home/ec2-user/ndvi_sqs_work/ningxia/raw/HLS-VI.S30.T48SYG.2018012T034111.v2.0.NDVI.tif,HLS-VI.S30.T48SYG.2018012T034111.v2.0.NDVI.tif,S30,T48SYG,2018-01-12,2018012,034111,EPSG:32648,699960.0,4090200.0,809760.0,4200000.0,True
/home/ec2-user/ndvi_sqs_work/ningxia/raw/HLS-VI.S30.T48SYH.2018012T034111.v2.0.NDVI.tif,HLS-VI.S30.T48SYH.2018012T034111.v2.0.NDVI.tif,S30,T48SYH,2018-01-12,2018012,034111,EPSG:32648,699960.0,4190220.0,809760.0,4300020.0,True
/home/ec2-user/ndvi_sqs_work/ningxia/raw/HLS-VI.S30.T48SWG.2018017T034059.v2.0.NDVI.tif,HLS-VI.S30.T48SWG.2018017T034059.v2.0.NDVI.tif,S30,T48SWG,2018-01-17,2018017,034059,EPSG:32648,499980.0,4090200.0,609780.0,4200000.0,True
/home/ec2-user/ndvi_sqs_work/ningxia/raw/HLS-VI.S30.T48SXJ.2018017T034059.v2.0.NDVI.tif,HLS-VI.S30.T48SXJ.2018017T034059.v2.0.NDVI.tif,S30,T48SXJ,2018-01-17,2018017,034059,EPSG:32648,600000.0,4290240.0,709800.0,4400040.0,True
/home/ec2-user/ndvi_sqs_work/ningxia/raw/HLS-VI.S30.T48SWG.2018020T035049.v2.0.NDVI.tif,HLS-VI.S30.T48SWG.2018020T035049.v2.0.NDVI.tif,S30,T48SWG,2018-01-20,2018020,035049,EPSG:32648,499980.0,4090200.0,609780.0,4200000.0,True
/home/ec2-user/ndvi_sqs_work/ningxia/raw/HLS-VI.S30.T48SWH.2018020T035049.v2.0.NDVI.tif,HLS-VI.S30.T48SWH.2018020T035049.v2.0.NDVI.tif,S30,T48SWH,2018-01-20,2018020,035049,EPSG:32648,499980.0,4190220.0,609780.0,4300020.0,True
/home/ec2-user/ndvi_sqs_work/ningxia/raw/HLS-VI.S30.T48SXF.2018020T035049.v2.0.NDVI.tif,HLS-VI.S30.T48SXF.2018020T035049.v2.0.NDVI.tif,S30,T48SXF,2018-01-20,2018020,035049,EPSG:32648,600000.0,3990240.0,709800.0,4100040.0,True
/home/ec2-user/ndvi_sqs_work/ningxia/raw/HLS-VI.S30.T48SXG.2018020T035049.v2.0.NDVI.tif,HLS-VI.S30.T48SXG.2018020T035049.v2.0.NDVI.tif,S30,T48SXG,2018-01-20,2018020,035049,EPSG:32648,600000.0,4090200.0,709800.0,4200000.0,True
/home/ec2-user/ndvi_sqs_work/ningxia/raw/HLS-VI.S30.T48SXH.2018020T035049.v2.0.NDVI.tif,HLS-VI.S30.T48SXH.2018020T035049.v2.0.NDVI.tif,S30,T48SXH,2018-01-20,2018020,035049,EPSG:32648,600000.0,4190220.0,709800.0,4300020.0,True
/home/ec2-user/ndvi_sqs_work/ningxia/raw/HLS-VI.S30.T48SWF.2018032T033951.v2.0.NDVI.tif,HLS-VI.S30.T48SWF.2018032T033951.v2.0.NDVI.tif,S30,T48SWF,2018-02-01,2018032,033951,EPSG:32648,499980.0,3990240.0,609780.0,4100040.0,True
/home/ec2-user/ndvi_sqs_work/ningxia/raw/HLS-VI.S30.T48SWG.2018032T033951.v2.0.NDVI.tif,HLS-VI.S30.T48SWG.2018032T033951.v2.0.NDVI.tif,S30,T48SWG,2018-02-01,2018032,033951,EPSG:32648,499980.0,4090200.0,609780.0,4200000.0,True
/home/ec2-user/ndvi_sqs_work/ningxia/raw/HLS-VI.S30.T48SXE.2018032T033951.v2.0.NDVI.tif,HLS-VI.S30.T48SXE.2018032T033951.v2.0.NDVI.tif,S30,T48SXE,2018-02-01,2018032,033951,EPSG:32648,600000.0,3890220.0,709800.0,4000020.0,True
/home/ec2-user/ndvi_sqs_work/ningxia/raw/HLS-VI.S30.T48SXF.2018032T033951.v2.0.NDVI.tif,HLS-VI.S30.T48SXF.2018032T033951.v2.0.NDVI.tif,S30,T48SXF,2018-02-01,2018032,033951,EPSG:32648,600000.0,3990240.0,709800.0,4100040.0,True
/home/ec2-user/ndvi_sqs_work/ningxia/raw/HLS-VI.S30.T48SXG.2018032T033951.v2.0.NDVI.tif,HLS-VI.S30.T48SXG.2018032T033951.v2.0.NDVI.tif,S30,T48SXG,2018-02-01,2018032,033951,EPSG:32648,600000.0,4090200.0,709800.0,4200000.0,True
/home/ec2-user/ndvi_sqs_work/ningxia/raw/HLS-VI.S30.T48SXH.2018032T033951.v2.0.NDVI.tif,HLS-VI.S30.T48SXH.2018032T033951.v2.0.NDVI.tif,S30,T48SXH,2018-02-01,2018032,033951,EPSG:32648,600000.0,4190220.0,709800.0,4300020.0,True
/home/ec2-user/ndvi_sqs_work/ningxia/raw/HLS-VI.S30.T48SXJ.2018032T033951.v2.0.NDVI.tif,HLS-VI.S30.T48SXJ.2018032T033951.v2.0.NDVI.tif,S30,T48SXJ,2018-02-01,2018032,033951,EPSG:32648,600000.0,4290240.0,709800.0,4400040.0,True
/home/ec2-user/ndvi_sqs_work/ningxia/raw/HLS-VI.S30.T48SYG.2018032T033951.v2.0.NDVI.tif,HLS-VI.S30.T48SYG.2018032T033951.v2.0.NDVI.tif,S30,T48SYG,2018-02-01,2018032,033951,EPSG:32648,699960.0,4090200.0,809760.0,4200000.0,True
/home/ec2-user/ndvi_sqs_work/ningxia/raw/HLS-VI.S30.T48SYH.2018032T033951.v2.0.NDVI.tif,HLS-VI.S30.T48SYH.2018032T033951.v2.0.NDVI.tif,S30,T48SYH,2018-02-01,2018032,033951,EPSG:32648,699960.0,4190220.0,809760.0,4300020.0,True
/home/ec2-user/ndvi_sqs_work/ningxia/raw/HLS-VI.S30.T48SWE.2018037T033919.v2.0.NDVI.tif,HLS-VI.S30.T48SWE.2018037T033919.v2.0.NDVI.tif,S30,T48SWE,2018-02-06,2018037,033919,EPSG:32648,499980.0,3890220.0,609780.0,4000020.0,True
/home/ec2-user/ndvi_sqs_work/ningxia/raw/HLS-VI.S30.T48SWF.2018037T033919.v2.0.NDVI.tif,HLS-VI.S30.T48SWF.2018037T033919.v2.0.NDVI.tif,S30,T48SWF,2018-02-06,2018037,033919,EPSG:32648,499980.0,3990240.0,609780.0,4100040.0,True
/home/ec2-user/ndvi_sqs_work/ningxia/raw/HLS-VI.S30.T48SWG.2018037T033919.v2.0.NDVI.tif,HLS-VI.S30.T48SWG.2018037T033919.v2.0.NDVI.tif,S30,T48SWG,2018-02-06,2018037,033919,EPSG:32648,499980.0,4090200.0,609780.0,4200000.0,True
/home/ec2-user/ndvi_sqs_work/ningxia/raw/HLS-VI.S30.T48SWH.2018037T033919.v2.0.NDVI.tif,HLS-VI.S30.T48SWH.2018037T033919.v2.0.NDVI.tif,S30,T48SWH,2018-02-06,2018037,033919,EPSG:32648,499980.0,4190220.0,609780.0,4300020.0,True
/home/ec2-user/ndvi_sqs_work/ningxia/raw/HLS-VI.S30.T48SWJ.2018037T033919.v2.0.NDVI.tif,HLS-VI.S30.T48SWJ.2018037T033919.v2.0.NDVI.tif,S30,T48SWJ,2018-02-06,2018037,033919,EPSG:32648,499980.0,4290240.0,609780.0,4400040.0,True
/home/ec2-user/ndvi_sqs_work/ningxia/raw/HLS-VI.S30.T48SXE.2018037T033919.v2.0.NDVI.tif,HLS-VI.S30.T48SXE.2018037T033919.v2.0.NDVI.tif,S30,T48SXE,2018-02-06,2018037,033919,EPSG:32648,600000.0,3890220.0,709800.0,4000020.0,True
/home/ec2-user/ndvi_sqs_work/ningxia/raw/HLS-VI.S30.T48SXF.2018037T033919.v2.0.NDVI.tif,HLS-VI.S30.T48SXF.2018037T033919.v2.0.NDVI.tif,S30,T48SXF,2018-02-06,2018037,033919,EPSG:32648,600000.0,3990240.0,709800.0,4100040.0,True
/home/ec2-user/ndvi_sqs_work/ningxia/raw/HLS-VI.S30.T48SXG.2018037T033919.v2.0.NDVI.tif,HLS-VI.S30.T48SXG.2018037T033919.v2.0.NDVI.tif,S30,T48SXG,2018-02-06,2018037,033919,EPSG:32648,600000.0,4090200.0,709800.0,4200000.0,True
/home/ec2-user/ndvi_sqs_work/ningxia/raw/HLS-VI.S30.T48SXH.2018037T033919.v2.0.NDVI.tif,HLS-VI.S30.T48SXH.2018037T033919.v2.0.NDVI.tif,S30,T48SXH,2018-02-06,2018037,033919,EPSG:32648,600000.0,4190220.0,709800.0,4300020.0,True
/home/ec2-user/ndvi_sqs_work/ningxia/raw/HLS-VI.S30.T48SXJ.2018037T033919.v2.0.NDVI.tif,HLS-VI.S30.T48SXJ.2018037T033919.v2.0.NDVI.tif,S30,T48SXJ,2018-02-06,2018037,033919,EPSG:32648,600000.0,4290240.0,709800.0,4400040.0,True
/home/ec2-user/ndvi_sqs_work/ningxia/raw/HLS-VI.S30.T48SYG.2018037T033919.v2.0.NDVI.tif,HLS-VI.S30.T48SYG.2018037T033919.v2.0.NDVI.tif,S30,T48SYG,2018-02-06,2018037,033919,EPSG:32648,699960.0,4090200.0,809760.0,4200000.0,True
/home/ec2-user/ndvi_sqs_work/ningxia/raw/HLS-VI.S30.T48SYH.2018037T033919.v2.0.NDVI.tif,HLS-VI.S30.T48SYH.2018037T033919.v2.0.NDVI.tif,S30,T48SYH,2018-02-06,2018037,033919,EPSG:32648,699960.0,4190220.0,809760.0,4300020.0,True
/home/ec2-user/ndvi_sqs_work/ningxia/raw/HLS-VI.S30.T48SWE.2018042T033851.v2.0.NDVI.tif,HLS-VI.S30.T48SWE.2018042T033851.v2.0.NDVI.tif,S30,T48SWE,2018-02-11,2018042,033851,EPSG:32648,499980.0,3890220.0,609780.0,4000020.0,True
/home/ec2-user/ndvi_sqs_work/ningxia/raw/HLS-VI.S30.T48SWF.2018042T033851.v2.0.NDVI.tif,HLS-VI.S30.T48SWF.2018042T033851.v2.0.NDVI.tif,S30,T48SWF,2018-02-11,2018042,033851,EPSG:32648,499980.0,3990240.0,609780.0,4100040.0,True
/home/ec2-user/ndvi_sqs_work/ningxia/raw/HLS-VI.S30.T48SWG.2018042T033851.v2.0.NDVI.tif,HLS-VI.S30.T48SWG.2018042T033851.v2.0.NDVI.tif,S30,T48SWG,2018-02-11,2018042,033851,EPSG:32648,499980.0,4090200.0,609780.0,4200000.0,True
/home/ec2-user/ndvi_sqs_work/ningxia/raw/HLS-VI.S30.T48SWH.2018042T033851.v2.0.NDVI.tif,HLS-VI.S30.T48SWH.2018042T033851.v2.0.NDVI.tif,S30,T48SWH,2018-02-11,2018042,033851,EPSG:32648,499980.0,4190220.0,609780.0,4300020.0,True
/home/ec2-user/ndvi_sqs_work/ningxia/raw/HLS-VI.S30.T48SXE.2018042T033851.v2.0.NDVI.tif,HLS-VI.S30.T48SXE.2018042T033851.v2.0.NDVI.tif,S30,T48SXE,2018-02-11,2018042,033851,EPSG:32648,600000.0,3890220.0,709800.0,4000020.0,True
/home/ec2-user/ndvi_sqs_work/ningxia/raw/HLS-VI.S30.T48SXJ.2018042T033851.v2.0.NDVI.tif,HLS-VI.S30.T48SXJ.2018042T033851.v2.0.NDVI.tif,S30,T48SXJ,2018-02-11,2018042,033851,EPSG:32648,600000.0,4290240.0,709800.0,4400040.0,True
/home/ec2-user/ndvi_sqs_work/ningxia/raw/HLS-VI.S30.T48SYG.2018042T033851.v2.0.NDVI.tif,HLS-VI.S30.T48SYG.2018042T033851.v2.0.NDVI.tif,S30,T48SYG,2018-02-11,2018042,033851,EPSG:32648,699960.0,4090200.0,809760.0,4200000.0,True
/home/ec2-user/ndvi_sqs_work/ningxia/raw/HLS-VI.S30.T48SYH.2018042T033851.v2.0.NDVI.tif,HLS-VI.S30.T48SYH.2018042T033851.v2.0.NDVI.tif,S30,T48SYH,2018-02-11,2018042,033851,EPSG:32648,699960.0,4190220.0,809760.0,4300020.0,True
/home/ec2-user/ndvi_sqs_work/ningxia/raw/HLS-VI.S30.T48SWE.2018047T033819.v2.0.NDVI.tif,HLS-VI.S30.T48SWE.2018047T033819.v2.0.NDVI.tif,S30,T48SWE,2018-02-16,2018047,033819,EPSG:32648,499980.0,3890220.0,609780.0,4000020.0,True
/home/ec2-user/ndvi_sqs_work/ningxia/raw/HLS-VI.S30.T48SWF.2018047T033819.v2.0.NDVI.tif,HLS-VI.S30.T48SWF.2018047T033819.v2.0.NDVI.tif,S30,T48SWF,2018-02-16,2018047,033819,EPSG:32648,499980.0,3990240.0,609780.0,4100040.0,True
/home/ec2-user/ndvi_sqs_work/ningxia/raw/HLS-VI.S30.T48SXE.2018047T033819.v2.0.NDVI.tif,HLS-VI.S30.T48SXE.2018047T033819.v2.0.NDVI.tif,S30,T48SXE,2018-02-16,2018047,033819,EPSG:32648,600000.0,3890220.0,709800.0,4000020.0,True
/home/ec2-user/ndvi_sqs_work/ningxia/raw/HLS-VI.S30.T48SXF.2018047T033819.v2.0.NDVI.tif,HLS-VI.S30.T48SXF.2018047T033819.v2.0.NDVI.tif,S30,T48SXF,2018-02-16,2018047,033819,EPSG:32648,600000.0,3990240.0,709800.0,4100040.0,True
/home/ec2-user/ndvi_sqs_work/ningxia/raw/HLS-VI.S30.T48SXG.2018047T033819.v2.0.NDVI.tif,HLS-VI.S30.T48SXG.2018047T033819.v2.0.NDVI.tif,S30,T48SXG,2018-02-16,2018047,033819,EPSG:32648,600000.0,4090200.0,709800.0,4200000.0,True
/home/ec2-user/ndvi_sqs_work/ningxia/raw/HLS-VI.S30.T48SYG.2018047T033819.v2.0.NDVI.tif,HLS-VI.S30.T48SYG.2018047T033819.v2.0.NDVI.tif,S30,T48SYG,2018-02-16,2018047,033819,EPSG:32648,699960.0,4090200.0,809760.0,4200000.0,True
/home/ec2-user/ndvi_sqs_work/ningxia/raw/HLS-VI.S30.T48SXF.2018050T034759.v2.0.NDVI.tif,HLS-VI.S30.T48SXF.2018050T034759.v2.0.NDVI.tif,S30,T48SXF,2018-02-19,2018050,034759,EPSG:32648,600000.0,3990240.0,709800.0,4100040.0,True
/home/ec2-user/ndvi_sqs_work/ningxia/raw/HLS-VI.S30.T48SXH.2018052T033751.v2.0.NDVI.tif,HLS-VI.S30.T48SXH.2018052T033751.v2.0.NDVI.tif,S30,T48SXH,2018-02-21,2018052,033751,EPSG:32648,600000.0,4190220.0,709800.0,4300020.0,True
/home/ec2-user/ndvi_sqs_work/ningxia/raw/HLS-VI.S30.T48SYH.2018052T033751.v2.0.NDVI.tif,HLS-VI.S30.T48SYH.2018052T033751.v2.0.NDVI.tif,S30,T48SYH,2018-02-21,2018052,033751,EPSG:32648,699960.0,4190220.0,809760.0,4300020.0,True
/home/ec2-user/ndvi_sqs_work/ningxia/raw/HLS-VI.S30.T48SWE.2018055T034731.v2.0.NDVI.tif,HLS-VI.S30.T48SWE.2018055T034731.v2.0.NDVI.tif,S30,T48SWE,2018-02-24,2018055,034731,EPSG:32648,499980.0,3890220.0,609780.0,4000020.0,True
/home/ec2-user/ndvi_sqs_work/ningxia/raw/HLS-VI.S30.T48SWF.2018055T034731.v2.0.NDVI.tif,HLS-VI.S30.T48SWF.2018055T034731.v2.0.NDVI.tif,S30,T48SWF,2018-02-24,2018055,034731,EPSG:32648,499980.0,3990240.0,609780.0,4100040.0,True
/home/ec2-user/ndvi_sqs_work/ningxia/raw/HLS-VI.S30.T48SXF.2018055T034731.v2.0.NDVI.tif,HLS-VI.S30.T48SXF.2018055T034731.v2.0.NDVI.tif,S30,T48SXF,2018-02-24,2018055,034731,EPSG:32648,600000.0,3990240.0,709800.0,4100040.0,True
/home/ec2-user/ndvi_sqs_work/ningxia/raw/HLS-VI.S30.T48SXJ.2018057T033709.v2.0.NDVI.tif,HLS-VI.S30.T48SXJ.2018057T033709.v2.0.NDVI.tif,S30,T48SXJ,2018-02-26,2018057,033709,EPSG:32648,600000.0,4290240.0,709800.0,4400040.0,True
/home/ec2-user/ndvi_sqs_work/ningxia/raw/HLS-VI.S30.T48SWG.2018067T033559.v2.0.NDVI.tif,HLS-VI.S30.T48SWG.2018067T033559.v2.0.NDVI.tif,S30,T48SWG,2018-03-08,2018067,033559,EPSG:32648,499980.0,4090200.0,609780.0,4200000.0,True
/home/ec2-user/ndvi_sqs_work/ningxia/raw/HLS-VI.S30.T48SXF.2018067T033559.v2.0.NDVI.tif,HLS-VI.S30.T48SXF.2018067T033559.v2.0.NDVI.tif,S30,T48SXF,2018-03-08,2018067,033559,EPSG:32648,600000.0,3990240.0,709800.0,4100040.0,True
/home/ec2-user/ndvi_sqs_work/ningxia/raw/HLS-VI.S30.T48SXG.2018067T033559.v2.0.NDVI.tif,HLS-VI.S30.T48SXG.2018067T033559.v2.0.NDVI.tif,S30,T48SXG,2018-03-08,2018067,033559,EPSG:32648,600000.0,4090200.0,709800.0,4200000.0,True
/home/ec2-user/ndvi_sqs_work/ningxia/raw/HLS-VI.S30.T48SXH.2018067T033559.v2.0.NDVI.tif,HLS-VI.S30.T48SXH.2018067T033559.v2.0.NDVI.tif,S30,T48SXH,2018-03-08,2018067,033559,EPSG:32648,600000.0,4190220.0,709800.0,4300020.0,True
/home/ec2-user/ndvi_sqs_work/ningxia/raw/HLS-VI.S30.T48SXJ.2018067T033559.v2.0.NDVI.tif,HLS-VI.S30.T48SXJ.2018067T033559.v2.0.NDVI.tif,S30,T48SXJ,2018-03-08,2018067,033559,EPSG:32648,600000.0,4290240.0,709800.0,4400040.0,True
/home/ec2-user/ndvi_sqs_work/ningxia/raw/HLS-VI.S30.T48SYG.2018067T033559.v2.0.NDVI.tif,HLS-VI.S30.T48SYG.2018067T033559.v2.0.NDVI.tif,S30,T48SYG,2018-03-08,2018067,033559,EPSG:32648,699960.0,4090200.0,809760.0,4200000.0,True
/home/ec2-user/ndvi_sqs_work/ningxia/raw/HLS-VI.S30.T48SYH.2018067T033559.v2.0.NDVI.tif,HLS-VI.S30.T48SYH.2018067T033559.v2.0.NDVI.tif,S30,T48SYH,2018-03-08,2018067,033559,EPSG:32648,699960.0,4190220.0,809760.0,4300020.0,True
/home/ec2-user/ndvi_sqs_work/ningxia/raw/HLS-VI.S30.T48SVG.2018070T034539.v2.0.NDVI.tif,HLS-VI.S30.T48SVG.2018070T034539.v2.0.NDVI.tif,S30,T48SVG,2018-03-11,2018070,034539,EPSG:32648,399960.0,4090200.0,509760.0,4200000.0,True
/home/ec2-user/ndvi_sqs_work/ningxia/raw/HLS-VI.S30.T48SWE.2018070T034539.v2.0.NDVI.tif,HLS-VI.S30.T48SWE.2018070T034539.v2.0.NDVI.tif,S30,T48SWE,2018-03-11,2018070,034539,EPSG:32648,499980.0,3890220.0,609780.0,4000020.0,True
/home/ec2-user/ndvi_sqs_work/ningxia/raw/HLS-VI.S30.T48SWF.2018070T034539.v2.0.NDVI.tif,HLS-VI.S30.T48SWF.2018070T034539.v2.0.NDVI.tif,S30,T48SWF,2018-03-11,2018070,034539,EPSG:32648,499980.0,3990240.0,609780.0,4100040.0,True
/home/ec2-user/ndvi_sqs_work/ningxia/raw/HLS-VI.S30.T48SWG.2018070T034539.v2.0.NDVI.tif,HLS-VI.S30.T48SWG.2018070T034539.v2.0.NDVI.tif,S30,T48SWG,2018-03-11,2018070,034539,EPSG:32648,499980.0,4090200.0,609780.0,4200000.0,True
/home/ec2-user/ndvi_sqs_work/ningxia/raw/HLS-VI.S30.T48SWH.2018070T034539.v2.0.NDVI.tif,HLS-VI.S30.T48SWH.2018070T034539.v2.0.NDVI.tif,S30,T48SWH,2018-03-11,2018070,034539,EPSG:32648,499980.0,4190220.0,609780.0,4300020.0,True
/home/ec2-user/ndvi_sqs_work/ningxia/raw/HLS-VI.S30.T48SWJ.2018070T034539.v2.0.NDVI.tif,HLS-VI.S30.T48SWJ.2018070T034539.v2.0.NDVI.tif,S30,T48SWJ,2018-03-11,2018070,034539,EPSG:32648,499980.0,4290240.0,609780.0,4400040.0,True
/home/ec2-user/ndvi_sqs_work/ningxia/raw/HLS-VI.S30.T48SXF.2018070T034539.v2.0.NDVI.tif,HLS-VI.S30.T48SXF.2018070T034539.v2.0.NDVI.tif,S30,T48SXF,2018-03-11,2018070,034539,EPSG:32648,600000.0,3990240.0,709800.0,4100040.0,True
/home/ec2-user/ndvi_sqs_work/ningxia/raw/HLS-VI.S30.T48SXG.2018070T034539.v2.0.NDVI.tif,HLS-VI.S30.T48SXG.2018070T034539.v2.0.NDVI.tif,S30,T48SXG,2018-03-11,2018070,034539,EPSG:32648,600000.0,4090200.0,709800.0,4200000.0,True
/home/ec2-user/ndvi_sqs_work/ningxia/raw/HLS-VI.S30.T48SXH.2018070T034539.v2.0.NDVI.tif,HLS-VI.S30.T48SXH.2018070T034539.v2.0.NDVI.tif,S30,T48SXH,2018-03-11,2018070,034539,EPSG:32648,600000.0,4190220.0,709800.0,4300020.0,True
/home/ec2-user/ndvi_sqs_work/ningxia/raw/HLS-VI.S30.T48SXJ.2018070T034539.v2.0.NDVI.tif,HLS-VI.S30.T48SXJ.2018070T034539.v2.0.NDVI.tif,S30,T48SXJ,2018-03-11,2018070,034539,EPSG:32648,600000.0,4290240.0,709800.0,4400040.0,True
/home/ec2-user/ndvi_sqs_work/ningxia/raw/HLS-VI.S30.T48SWG.2018072T033531.v2.0.NDVI.tif,HLS-VI.S30.T48SWG.2018072T033531.v2.0.NDVI.tif,S30,T48SWG,2018-03-13,2018072,033531,EPSG:32648,499980.0,4090200.0,609780.0,4200000.0,True
/home/ec2-user/ndvi_sqs_work/ningxia/raw/HLS-VI.S30.T48SWH.2018072T033531.v2.0.NDVI.tif,HLS-VI.S30.T48SWH.2018072T033531.v2.0.NDVI.tif,S30,T48SWH,2018-03-13,2018072,033531,EPSG:32648,499980.0,4190220.0,609780.0,4300020.0,True
/home/ec2-user/ndvi_sqs_work/ningxia/raw/HLS-VI.S30.T48SWJ.2018072T033531.v2.0.NDVI.tif,HLS-VI.S30.T48SWJ.2018072T033531.v2.0.NDVI.tif,S30,T48SWJ,2018-03-13,2018072,033531,EPSG:32648,499980.0,4290240.0,609780.0,4400040.0,True
/home/ec2-user/ndvi_sqs_work/ningxia/raw/HLS-VI.S30.T48SXG.2018072T033531.v2.0.NDVI.tif,HLS-VI.S30.T48SXG.2018072T033531.v2.0.NDVI.tif,S30,T48SXG,2018-03-13,2018072,033531,EPSG:32648,600000.0,4090200.0,709800.0,4200000.0,True
/home/ec2-user/ndvi_sqs_work/ningxia/raw/HLS-VI.S30.T48SXH.2018072T033531.v2.0.NDVI.tif,HLS-VI.S30.T48SXH.2018072T033531.v2.0.NDVI.tif,S30,T48SXH,2018-03-13,2018072,033531,EPSG:32648,600000.0,4190220.0,709800.0,4300020.0,True
/home/ec2-user/ndvi_sqs_work/ningxia/raw/HLS-VI.S30.T48SXJ.2018072T033531.v2.0.NDVI.tif,HLS-VI.S30.T48SXJ.2018072T033531.v2.0.NDVI.tif,S30,T48SXJ,2018-03-13,2018072,033531,EPSG:32648,600000.0,4290240.0,709800.0,4400040.0,True
/home/ec2-user/ndvi_sqs_work/ningxia/raw/HLS-VI.S30.T48SYG.2018072T033531.v2.0.NDVI.tif,HLS-VI.S30.T48SYG.2018072T033531.v2.0.NDVI.tif,S30,T48SYG,2018-03-13,2018072,033531,EPSG:32648,699960.0,4090200.0,809760.0,4200000.0,True
/home/ec2-user/ndvi_sqs_work/ningxia/raw/HLS-VI.S30.T48SYH.2018072T033531.v2.0.NDVI.tif,HLS-VI.S30.T48SYH.2018072T033531.v2.0.NDVI.tif,S30,T48SYH,2018-03-13,2018072,033531,EPSG:32648,699960.0,4190220.0,809760.0,4300020.0,True
/home/ec2-user/ndvi_sqs_work/ningxia/raw/HLS-VI.S30.T48SWG.2018082T033531.v2.0.NDVI.tif,HLS-VI.S30.T48SWG.2018082T033531.v2.0.NDVI.tif,S30,T48SWG,2018-03-23,2018082,033531,EPSG:32648,499980.0,4090200.0,609780.0,4200000.0,True
/home/ec2-user/ndvi_sqs_work/ningxia/raw/HLS-VI.S30.T48SWH.2018082T033531.v2.0.NDVI.tif,HLS-VI.S30.T48SWH.2018082T033531.v2.0.NDVI.tif,S30,T48SWH,2018-03-23,2018082,033531,EPSG:32648,499980.0,4190220.0,609780.0,4300020.0,True
/home/ec2-user/ndvi_sqs_work/ningxia/raw/HLS-VI.S30.T48SXG.2018082T033531.v2.0.NDVI.tif,HLS-VI.S30.T48SXG.2018082T033531.v2.0.NDVI.tif,S30,T48SXG,2018-03-23,2018082,033531,EPSG:32648,600000.0,4090200.0,709800.0,4200000.0,True
/home/ec2-user/ndvi_sqs_work/ningxia/raw/HLS-VI.S30.T48SXH.2018082T033531.v2.0.NDVI.tif,HLS-VI.S30.T48SXH.2018082T033531.v2.0.NDVI.tif,S30,T48SXH,2018-03-23,2018082,033531,EPSG:32648,600000.0,4190220.0,709800.0,4300020.0,True
/home/ec2-user/ndvi_sqs_work/ningxia/raw/HLS-VI.S30.T48SXJ.2018082T033531.v2.0.NDVI.tif,HLS-VI.S30.T48SXJ.2018082T033531.v2.0.NDVI.tif,S30,T48SXJ,2018-03-23,2018082,033531,EPSG:32648,600000.0,4290240.0,709800.0,4400040.0,True
/home/ec2-user/ndvi_sqs_work/ningxia/raw/HLS-VI.S30.T48SYG.2018082T033531.v2.0.NDVI.tif,HLS-VI.S30.T48SYG.2018082T033531.v2.0.NDVI.tif,S30,T48SYG,2018-03-23,2018082,033531,EPSG:32648,699960.0,4090200.0,809760.0,4200000.0,True
/home/ec2-user/ndvi_sqs_work/ningxia/raw/HLS-VI.S30.T48SWH.2018085T034701.v2.0.NDVI.tif,HLS-VI.S30.T48SWH.2018085T034701.v2.0.NDVI.tif,S30,T48SWH,2018-03-26,2018085,034701,EPSG:32648,499980.0,4190220.0,609780.0,4300020.0,True
/home/ec2-user/ndvi_sqs_work/ningxia/raw/HLS-VI.S30.T48SWJ.2018085T034701.v2.0.NDVI.tif,HLS-VI.S30.T48SWJ.2018085T034701.v2.0.NDVI.tif,S30,T48SWJ,2018-03-26,2018085,034701,EPSG:32648,499980.0,4290240.0,609780.0,4400040.0,True
/home/ec2-user/ndvi_sqs_work/ningxia/raw/HLS-VI.S30.T48SXH.2018085T034701.v2.0.NDVI.tif,HLS-VI.S30.T48SXH.2018085T034701.v2.0.NDVI.tif,S30,T48SXH,2018-03-26,2018085,034701,EPSG:32648,600000.0,4190220.0,709800.0,4300020.0,True
/home/ec2-user/ndvi_sqs_work/ningxia/raw/HLS-VI.S30.T48SXJ.2018085T034701.v2.0.NDVI.tif,HLS-VI.S30.T48SXJ.2018085T034701.v2.0.NDVI.tif,S30,T48SXJ,2018-03-26,2018085,034701,EPSG:32648,600000.0,4290240.0,709800.0,4400040.0,True
/home/ec2-user/ndvi_sqs_work/ningxia/raw/HLS-VI.S30.T48SWE.2018087T033739.v2.0.NDVI.tif,HLS-VI.S30.T48SWE.2018087T033739.v2.0.NDVI.tif,S30,T48SWE,2018-03-28,2018087,033739,EPSG:32648,499980.0,3890220.0,609780.0,4000020.0,True
/home/ec2-user/ndvi_sqs_work/ningxia/raw/HLS-VI.S30.T48SWF.2018087T033739.v2.0.NDVI.tif,HLS-VI.S30.T48SWF.2018087T033739.v2.0.NDVI.tif,S30,T48SWF,2018-03-28,2018087,033739,EPSG:32648,499980.0,3990240.0,609780.0,4100040.0,True
/home/ec2-user/ndvi_sqs_work/ningxia/raw/HLS-VI.S30.T48SWG.2018087T033739.v2.0.NDVI.tif,HLS-VI.S30.T48SWG.2018087T033739.v2.0.NDVI.tif,S30,T48SWG,2018-03-28,2018087,033739,EPSG:32648,499980.0,4090200.0,609780.0,4200000.0,True
/home/ec2-user/ndvi_sqs_work/ningxia/raw/HLS-VI.S30.T48SWH.2018087T033739.v2.0.NDVI.tif,HLS-VI.S30.T48SWH.2018087T033739.v2.0.NDVI.tif,S30,T48SWH,2018-03-28,2018087,033739,EPSG:32648,499980.0,4190220.0,609780.0,4300020.0,True
/home/ec2-user/ndvi_sqs_work/ningxia/raw/HLS-VI.S30.T48SWJ.2018087T033739.v2.0.NDVI.tif,HLS-VI.S30.T48SWJ.2018087T033739.v2.0.NDVI.tif,S30,T48SWJ,2018-03-28,2018087,033739,EPSG:32648,499980.0,4290240.0,609780.0,4400040.0,True
/home/ec2-user/ndvi_sqs_work/ningxia/raw/HLS-VI.S30.T48SXE.2018087T033739.v2.0.NDVI.tif,HLS-VI.S30.T48SXE.2018087T033739.v2.0.NDVI.tif,S30,T48SXE,2018-03-28,2018087,033739,EPSG:32648,600000.0,3890220.0,709800.0,4000020.0,True
/home/ec2-user/ndvi_sqs_work/ningxia/raw/HLS-VI.S30.T48SXF.2018087T033739.v2.0.NDVI.tif,HLS-VI.S30.T48SXF.2018087T033739.v2.0.NDVI.tif,S30,T48SXF,2018-03-28,2018087,033739,EPSG:32648,600000.0,3990240.0,709800.0,4100040.0,True
/home/ec2-user/ndvi_sqs_work/ningxia/raw/HLS-VI.S30.T48SXG.2018087T033739.v2.0.NDVI.tif,HLS-VI.S30.T48SXG.2018087T033739.v2.0.NDVI.tif,S30,T48SXG,2018-03-28,2018087,033739,EPSG:32648,600000.0,4090200.0,709800.0,4200000.0,True
/home/ec2-user/ndvi_sqs_work/ningxia/raw/HLS-VI.S30.T48SXH.2018087T033739.v2.0.NDVI.tif,HLS-VI.S30.T48SXH.2018087T033739.v2.0.NDVI.tif,S30,T48SXH,2018-03-28,2018087,033739,EPSG:32648,600000.0,4190220.0,709800.0,4300020.0,True
/home/ec2-user/ndvi_sqs_work/ningxia/raw/HLS-VI.S30.T48SXJ.2018087T033739.v2.0.NDVI.tif,HLS-VI.S30.T48SXJ.2018087T033739.v2.0.NDVI.tif,S30,T48SXJ,2018-03-28,2018087,033739,EPSG:32648,600000.0,4290240.0,709800.0,4400040.0,True
/home/ec2-user/ndvi_sqs_work/ningxia/raw/HLS-VI.S30.T48SYG.2018087T033739.v2.0.NDVI.tif,HLS-VI.S30.T48SYG.2018087T033739.v2.0.NDVI.tif,S30,T48SYG,2018-03-28,2018087,033739,EPSG:32648,699960.0,4090200.0,809760.0,4200000.0,True
/home/ec2-user/ndvi_sqs_work/ningxia/raw/HLS-VI.S30.T48SYH.2018087T033739.v2.0.NDVI.tif,HLS-VI.S30.T48SYH.2018087T033739.v2.0.NDVI.tif,S30,T48SYH,2018-03-28,2018087,033739,EPSG:32648,699960.0,4190220.0,809760.0,4300020.0,True
/home/ec2-user/ndvi_sqs_work/ningxia/raw/HLS-VI.S30.T48SWE.2018092T033531.v2.0.NDVI.tif,HLS-VI.S30.T48SWE.2018092T033531.v2.0.NDVI.tif,S30,T48SWE,2018-04-02,2018092,033531,EPSG:32648,499980.0,3890220.0,609780.0,4000020.0,True
/home/ec2-user/ndvi_sqs_work/ningxia/raw/HLS-VI.S30.T48SWF.2018092T033531.v2.0.NDVI.tif,HLS-VI.S30.T48SWF.2018092T033531.v2.0.NDVI.tif,S30,T48SWF,2018-04-02,2018092,033531,EPSG:32648,499980.0,3990240.0,609780.0,4100040.0,True
/home/ec2-user/ndvi_sqs_work/ningxia/raw/HLS-VI.S30.T48SWG.2018092T033531.v2.0.NDVI.tif,HLS-VI.S30.T48SWG.2018092T033531.v2.0.NDVI.tif,S30,T48SWG,2018-04-02,2018092,033531,EPSG:32648,499980.0,4090200.0,609780.0,4200000.0,True
/home/ec2-user/ndvi_sqs_work/ningxia/raw/HLS-VI.S30.T48SWH.2018092T033531.v2.0.NDVI.tif,HLS-VI.S30.T48SWH.2018092T033531.v2.0.NDVI.tif,S30,T48SWH,2018-04-02,2018092,033531,EPSG:32648,499980.0,4190220.0,609780.0,4300020.0,True
/home/ec2-user/ndvi_sqs_work/ningxia/raw/HLS-VI.S30.T48SWJ.2018092T033531.v2.0.NDVI.tif,HLS-VI.S30.T48SWJ.2018092T033531.v2.0.NDVI.tif,S30,T48SWJ,2018-04-02,2018092,033531,EPSG:32648,499980.0,4290240.0,609780.0,4400040.0,True
/home/ec2-user/ndvi_sqs_work/ningxia/raw/HLS-VI.S30.T48SXE.2018092T033531.v2.0.NDVI.tif,HLS-VI.S30.T48SXE.2018092T033531.v2.0.NDVI.tif,S30,T48SXE,2018-04-02,2018092,033531,EPSG:32648,600000.0,3890220.0,709800.0,4000020.0,True
/home/ec2-user/ndvi_sqs_work/ningxia/raw/HLS-VI.S30.T48SXF.2018092T033531.v2.0.NDVI.tif,HLS-VI.S30.T48SXF.2018092T033531.v2.0.NDVI.tif,S30,T48SXF,2018-04-02,2018092,033531,EPSG:32648,600000.0,3990240.0,709800.0,4100040.0,True
/home/ec2-user/ndvi_sqs_work/ningxia/raw/HLS-VI.S30.T48SXG.2018092T033531.v2.0.NDVI.tif,HLS-VI.S30.T48SXG.2018092T033531.v2.0.NDVI.tif,S30,T48SXG,2018-04-02,2018092,033531,EPSG:32648,600000.0,4090200.0,709800.0,4200000.0,True
/home/ec2-user/ndvi_sqs_work/ningxia/raw/HLS-VI.S30.T48SYG.2018092T033531.v2.0.NDVI.tif,HLS-VI.S30.T48SYG.2018092T033531.v2.0.NDVI.tif,S30,T48SYG,2018-04-02,2018092,033531,EPSG:32648,699960.0,4090200.0,809760.0,4200000.0,True
/home/ec2-user/ndvi_sqs_work/ningxia/raw/HLS-VI.S30.T48SXJ.2018095T034531.v2.0.NDVI.tif,HLS-VI.S30.T48SXJ.2018095T034531.v2.0.NDVI.tif,S30,T48SXJ,2018-04-05,2018095,034531,EPSG:32648,600000.0,4290240.0,709800.0,4400040.0,True
/home/ec2-user/ndvi_sqs_work/ningxia/raw/HLS-VI.S30.T48SWE.2018097T033529.v2.0.NDVI.tif,HLS-VI.S30.T48SWE.2018097T033529.v2.0.NDVI.tif,S30,T48SWE,2018-04-07,2018097,033529,EPSG:32648,499980.0,3890220.0,609780.0,4000020.0,True
/home/ec2-user/ndvi_sqs_work/ningxia/raw/HLS-VI.S30.T48SWF.2018097T033529.v2.0.NDVI.tif,HLS-VI.S30.T48SWF.2018097T033529.v2.0.NDVI.tif,S30,T48SWF,2018-04-07,2018097,033529,EPSG:32648,499980.0,3990240.0,609780.0,4100040.0,True
/home/ec2-user/ndvi_sqs_work/ningxia/raw/HLS-VI.S30.T48SXE.2018097T033529.v2.0.NDVI.tif,HLS-VI.S30.T48SXE.2018097T033529.v2.0.NDVI.tif,S30,T48SXE,2018-04-07,2018097,033529,EPSG:32648,600000.0,3890220.0,709800.0,4000020.0,True
/home/ec2-user/ndvi_sqs_work/ningxia/raw/HLS-VI.S30.T48SXG.2018097T033529.v2.0.NDVI.tif,HLS-VI.S30.T48SXG.2018097T033529.v2.0.NDVI.tif,S30,T48SXG,2018-04-07,2018097,033529,EPSG:32648,600000.0,4090200.0,709800.0,4200000.0,True
/home/ec2-user/ndvi_sqs_work/ningxia/raw/HLS-VI.S30.T48SXJ.2018097T033529.v2.0.NDVI.tif,HLS-VI.S30.T48SXJ.2018097T033529.v2.0.NDVI.tif,S30,T48SXJ,2018-04-07,2018097,033529,EPSG:32648,600000.0,4290240.0,709800.0,4400040.0,True
/home/ec2-user/ndvi_sqs_work/ningxia/raw/HLS-VI.S30.T48SWJ.2018100T034529.v2.0.NDVI.tif,HLS-VI.S30.T48SWJ.2018100T034529.v2.0.NDVI.tif,S30,T48SWJ,2018-04-10,2018100,034529,EPSG:32648,499980.0,4290240.0,609780.0,4400040.0,True
/home/ec2-user/ndvi_sqs_work/ningxia/raw/HLS-VI.S30.T48SXJ.2018100T034529.v2.0.NDVI.tif,HLS-VI.S30.T48SXJ.2018100T034529.v2.0.NDVI.tif,S30,T48SXJ,2018-04-10,2018100,034529,EPSG:32648,600000.0,4290240.0,709800.0,4400040.0,True
/home/ec2-user/ndvi_sqs_work/ningxia/raw/HLS-VI.S30.T48SWE.2018105T034541.v2.0.NDVI.tif,HLS-VI.S30.T48SWE.2018105T034541.v2.0.NDVI.tif,S30,T48SWE,2018-04-15,2018105,034541,EPSG:32648,499980.0,3890220.0,609780.0,4000020.0,True
/home/ec2-user/ndvi_sqs_work/ningxia/raw/HLS-VI.S30.T48SWJ.2018105T034541.v2.0.NDVI.tif,HLS-VI.S30.T48SWJ.2018105T034541.v2.0.NDVI.tif,S30,T48SWJ,2018-04-15,2018105,034541,EPSG:32648,499980.0,4290240.0,609780.0,4400040.0,True
/home/ec2-user/ndvi_sqs_work/ningxia/raw/HLS-VI.S30.T48SXF.2018105T034541.v2.0.NDVI.tif,HLS-VI.S30.T48SXF.2018105T034541.v2.0.NDVI.tif,S30,T48SXF,2018-04-15,2018105,034541,EPSG:32648,600000.0,3990240.0,709800.0,4100040.0,True
/home/ec2-user/ndvi_sqs_work/ningxia/raw/HLS-VI.S30.T48SWE.2018107T033539.v2.0.NDVI.tif,HLS-VI.S30.T48SWE.2018107T033539.v2.0.NDVI.tif,S30,T48SWE,2018-04-17,2018107,033539,EPSG:32648,499980.0,3890220.0,609780.0,4000020.0,True
/home/ec2-user/ndvi_sqs_work/ningxia/raw/HLS-VI.S30.T48SWF.2018107T033539.v2.0.NDVI.tif,HLS-VI.S30.T48SWF.2018107T033539.v2.0.NDVI.tif,S30,T48SWF,2018-04-17,2018107,033539,EPSG:32648,499980.0,3990240.0,609780.0,4100040.0,True
/home/ec2-user/ndvi_sqs_work/ningxia/raw/HLS-VI.S30.T48SXE.2018107T033539.v2.0.NDVI.tif,HLS-VI.S30.T48SXE.2018107T033539.v2.0.NDVI.tif,S30,T48SXE,2018-04-17,2018107,033539,EPSG:32648,600000.0,3890220.0,709800.0,4000020.0,True
/home/ec2-user/ndvi_sqs_work/ningxia/raw/HLS-VI.S30.T48SXF.2018107T033539.v2.0.NDVI.tif,HLS-VI.S30.T48SXF.2018107T033539.v2.0.NDVI.tif,S30,T48SXF,2018-04-17,2018107,033539,EPSG:32648,600000.0,3990240.0,709800.0,4100040.0,True
/home/ec2-user/ndvi_sqs_work/ningxia/raw/HLS-VI.S30.T48SYG.2018107T033539.v2.0.NDVI.tif,HLS-VI.S30.T48SYG.2018107T033539.v2.0.NDVI.tif,S30,T48SYG,2018-04-17,2018107,033539,EPSG:32648,699960.0,4090200.0,809760.0,4200000.0,True
/home/ec2-user/ndvi_sqs_work/ningxia/raw/HLS-VI.S30.T48SWE.2018110T034539.v2.0.NDVI.tif,HLS-VI.S30.T48SWE.2018110T034539.v2.0.NDVI.tif,S30,T48SWE,2018-04-20,2018110,034539,EPSG:32648,499980.0,3890220.0,609780.0,4000020.0,True
/home/ec2-user/ndvi_sqs_work/ningxia/raw/HLS-VI.S30.T48SXF.2018110T034539.v2.0.NDVI.tif,HLS-VI.S30.T48SXF.2018110T034539.v2.0.NDVI.tif,S30,T48SXF,2018-04-20,2018110,034539,EPSG:32648,600000.0,3990240.0,709800.0,4100040.0,True
/home/ec2-user/ndvi_sqs_work/ningxia/raw/HLS-VI.S30.T48SWJ.2018115T034711.v2.0.NDVI.tif,HLS-VI.S30.T48SWJ.2018115T034711.v2.0.NDVI.tif,S30,T48SWJ,2018-04-25,2018115,034711,EPSG:32648,499980.0,4290240.0,609780.0,4400040.0,True
/home/ec2-user/ndvi_sqs_work/ningxia/raw/HLS-VI.S30.T48SXH.2018115T034711.v2.0.NDVI.tif,HLS-VI.S30.T48SXH.2018115T034711.v2.0.NDVI.tif,S30,T48SXH,2018-04-25,2018115,034711,EPSG:32648,600000.0,4190220.0,709800.0,4300020.0,True
/home/ec2-user/ndvi_sqs_work/ningxia/raw/HLS-VI.S30.T48SXJ.2018115T034711.v2.0.NDVI.tif,HLS-VI.S30.T48SXJ.2018115T034711.v2.0.NDVI.tif,S30,T48SXJ,2018-04-25,2018115,034711,EPSG:32648,600000.0,4290240.0,709800.0,4400040.0,True
/home/ec2-user/ndvi_sqs_work/ningxia/raw/HLS-VI.S30.T48SWG.2018117T033539.v2.0.NDVI.tif,HLS-VI.S30.T48SWG.2018117T033539.v2.0.NDVI.tif,S30,T48SWG,2018-04-27,2018117,033539,EPSG:32648,499980.0,4090200.0,609780.0,4200000.0,True
/home/ec2-user/ndvi_sqs_work/ningxia/raw/HLS-VI.S30.T48SWH.2018117T033539.v2.0.NDVI.tif,HLS-VI.S30.T48SWH.2018117T033539.v2.0.NDVI.tif,S30,T48SWH,2018-04-27,2018117,033539,EPSG:32648,499980.0,4190220.0,609780.0,4300020.0,True
/home/ec2-user/ndvi_sqs_work/ningxia/raw/HLS-VI.S30.T48SWJ.2018117T033539.v2.0.NDVI.tif,HLS-VI.S30.T48SWJ.2018117T033539.v2.0.NDVI.tif,S30,T48SWJ,2018-04-27,2018117,033539,EPSG:32648,499980.0,4290240.0,609780.0,4400040.0,True
/home/ec2-user/ndvi_sqs_work/ningxia/raw/HLS-VI.S30.T48SXG.2018117T033539.v2.0.NDVI.tif,HLS-VI.S30.T48SXG.2018117T033539.v2.0.NDVI.tif,S30,T48SXG,2018-04-27,2018117,033539,EPSG:32648,600000.0,4090200.0,709800.0,4200000.0,True
/home/ec2-user/ndvi_sqs_work/ningxia/raw/HLS-VI.S30.T48SXH.2018117T033539.v2.0.NDVI.tif,HLS-VI.S30.T48SXH.2018117T033539.v2.0.NDVI.tif,S30,T48SXH,2018-04-27,2018117,033539,EPSG:32648,600000.0,4190220.0,709800.0,4300020.0,True
/home/ec2-user/ndvi_sqs_work/ningxia/raw/HLS-VI.S30.T48SXJ.2018117T033539.v2.0.NDVI.tif,HLS-VI.S30.T48SXJ.2018117T033539.v2.0.NDVI.tif,S30,T48SXJ,2018-04-27,2018117,033539,EPSG:32648,600000.0,4290240.0,709800.0,4400040.0,True
/home/ec2-user/ndvi_sqs_work/ningxia/raw/HLS-VI.S30.T48SYH.2018117T033539.v2.0.NDVI.tif,HLS-VI.S30.T48SYH.2018117T033539.v2.0.NDVI.tif,S30,T48SYH,2018-04-27,2018117,033539,EPSG:32648,699960.0,4190220.0,809760.0,4300020.0,True
/home/ec2-user/ndvi_sqs_work/ningxia/raw/HLS-VI.S30.T48SWF.2018122T033541.v2.0.NDVI.tif,HLS-VI.S30.T48SWF.2018122T033541.v2.0.NDVI.tif,S30,T48SWF,2018-05-02,2018122,033541,EPSG:32648,499980.0,3990240.0,609780.0,4100040.0,True
/home/ec2-user/ndvi_sqs_work/ningxia/raw/HLS-VI.S30.T48SWG.2018122T033541.v2.0.NDVI.tif,HLS-VI.S30.T48SWG.2018122T033541.v2.0.NDVI.tif,S30,T48SWG,2018-05-02,2018122,033541,EPSG:32648,499980.0,4090200.0,609780.0,4200000.0,True
/home/ec2-user/ndvi_sqs_work/ningxia/raw/HLS-VI.S30.T48SWH.2018122T033541.v2.0.NDVI.tif,HLS-VI.S30.T48SWH.2018122T033541.v2.0.NDVI.tif,S30,T48SWH,2018-05-02,2018122,033541,EPSG:32648,499980.0,4190220.0,609780.0,4300020.0,True
/home/ec2-user/ndvi_sqs_work/ningxia/raw/HLS-VI.S30.T48SWJ.2018122T033541.v2.0.NDVI.tif,HLS-VI.S30.T48SWJ.2018122T033541.v2.0.NDVI.tif,S30,T48SWJ,2018-05-02,2018122,033541,EPSG:32648,499980.0,4290240.0,609780.0,4400040.0,True
/home/ec2-user/ndvi_sqs_work/ningxia/raw/HLS-VI.S30.T48SXE.2018122T033541.v2.0.NDVI.tif,HLS-VI.S30.T48SXE.2018122T033541.v2.0.NDVI.tif,S30,T48SXE,2018-05-02,2018122,033541,EPSG:32648,600000.0,3890220.0,709800.0,4000020.0,True
/home/ec2-user/ndvi_sqs_work/ningxia/raw/HLS-VI.S30.T48SXF.2018122T033541.v2.0.NDVI.tif,HLS-VI.S30.T48SXF.2018122T033541.v2.0.NDVI.tif,S30,T48SXF,2018-05-02,2018122,033541,EPSG:32648,600000.0,3990240.0,709800.0,4100040.0,True
/home/ec2-user/ndvi_sqs_work/ningxia/raw/HLS-VI.S30.T48SXG.2018122T033541.v2.0.NDVI.tif,HLS-VI.S30.T48SXG.2018122T033541.v2.0.NDVI.tif,S30,T48SXG,2018-05-02,2018122,033541,EPSG:32648,600000.0,4090200.0,709800.0,4200000.0,True
/home/ec2-user/ndvi_sqs_work/ningxia/raw/HLS-VI.S30.T48SXH.2018122T033541.v2.0.NDVI.tif,HLS-VI.S30.T48SXH.2018122T033541.v2.0.NDVI.tif,S30,T48SXH,2018-05-02,2018122,033541,EPSG:32648,600000.0,4190220.0,709800.0,4300020.0,True
/home/ec2-user/ndvi_sqs_work/ningxia/raw/HLS-VI.S30.T48SYG.2018122T033541.v2.0.NDVI.tif,HLS-VI.S30.T48SYG.2018122T033541.v2.0.NDVI.tif,S30,T48SYG,2018-05-02,2018122,033541,EPSG:32648,699960.0,4090200.0,809760.0,4200000.0,True
/home/ec2-user/ndvi_sqs_work/ningxia/raw/HLS-VI.S30.T48SYH.2018122T033541.v2.0.NDVI.tif,HLS-VI.S30.T48SYH.2018122T033541.v2.0.NDVI.tif,S30,T48SYH,2018-05-02,2018122,033541,EPSG:32648,699960.0,4190220.0,809760.0,4300020.0,True
/home/ec2-user/ndvi_sqs_work/ningxia/raw/HLS-VI.S30.T48SWE.2018127T033539.v2.0.NDVI.tif,HLS-VI.S30.T48SWE.2018127T033539.v2.0.NDVI.tif,S30,T48SWE,2018-05-07,2018127,033539,EPSG:32648,499980.0,3890220.0,609780.0,4000020.0,True
/home/ec2-user/ndvi_sqs_work/ningxia/raw/HLS-VI.S30.T48SWF.2018127T033539.v2.0.NDVI.tif,HLS-VI.S30.T48SWF.2018127T033539.v2.0.NDVI.tif,S30,T48SWF,2018-05-07,2018127,033539,EPSG:32648,499980.0,3990240.0,609780.0,4100040.0,True
/home/ec2-user/ndvi_sqs_work/ningxia/raw/HLS-VI.S30.T48SWG.2018127T033539.v2.0.NDVI.tif,HLS-VI.S30.T48SWG.2018127T033539.v2.0.NDVI.tif,S30,T48SWG,2018-05-07,2018127,033539,EPSG:32648,499980.0,4090200.0,609780.0,4200000.0,True
/home/ec2-user/ndvi_sqs_work/ningxia/raw/HLS-VI.S30.T48SXE.2018127T033539.v2.0.NDVI.tif,HLS-VI.S30.T48SXE.2018127T033539.v2.0.NDVI.tif,S30,T48SXE,2018-05-07,2018127,033539,EPSG:32648,600000.0,3890220.0,709800.0,4000020.0,True
/home/ec2-user/ndvi_sqs_work/ningxia/raw/HLS-VI.S30.T48SXF.2018127T033539.v2.0.NDVI.tif,HLS-VI.S30.T48SXF.2018127T033539.v2.0.NDVI.tif,S30,T48SXF,2018-05-07,2018127,033539,EPSG:32648,600000.0,3990240.0,709800.0,4100040.0,True
/home/ec2-user/ndvi_sqs_work/ningxia/raw/HLS-VI.S30.T48SWE.2018132T033541.v2.0.NDVI.tif,HLS-VI.S30.T48SWE.2018132T033541.v2.0.NDVI.tif,S30,T48SWE,2018-05-12,2018132,033541,EPSG:32648,499980.0,3890220.0,609780.0,4000020.0,True
/home/ec2-user/ndvi_sqs_work/ningxia/raw/HLS-VI.S30.T48SWF.2018132T033541.v2.0.NDVI.tif,HLS-VI.S30.T48SWF.2018132T033541.v2.0.NDVI.tif,S30,T48SWF,2018-05-12,2018132,033541,EPSG:32648,499980.0,3990240.0,609780.0,4100040.0,True
/home/ec2-user/ndvi_sqs_work/ningxia/raw/HLS-VI.S30.T48SWG.2018132T033541.v2.0.NDVI.tif,HLS-VI.S30.T48SWG.2018132T033541.v2.0.NDVI.tif,S30,T48SWG,2018-05-12,2018132,033541,EPSG:32648,499980.0,4090200.0,609780.0,4200000.0,True
/home/ec2-user/ndvi_sqs_work/ningxia/raw/HLS-VI.S30.T48SWJ.2018132T033541.v2.0.NDVI.tif,HLS-VI.S30.T48SWJ.2018132T033541.v2.0.NDVI.tif,S30,T48SWJ,2018-05-12,2018132,033541,EPSG:32648,499980.0,4290240.0,609780.0,4400040.0,True
/home/ec2-user/ndvi_sqs_work/ningxia/raw/HLS-VI.S30.T48SXE.2018132T033541.v2.0.NDVI.tif,HLS-VI.S30.T48SXE.2018132T033541.v2.0.NDVI.tif,S30,T48SXE,2018-05-12,2018132,033541,EPSG:32648,600000.0,3890220.0,709800.0,4000020.0,True
/home/ec2-user/ndvi_sqs_work/ningxia/raw/HLS-VI.S30.T48SXF.2018132T033541.v2.0.NDVI.tif,HLS-VI.S30.T48SXF.2018132T033541.v2.0.NDVI.tif,S30,T48SXF,2018-05-12,2018132,033541,EPSG:32648,600000.0,3990240.0,709800.0,4100040.0,True
/home/ec2-user/ndvi_sqs_work/ningxia/raw/HLS-VI.S30.T48SXG.2018132T033541.v2.0.NDVI.tif,HLS-VI.S30.T48SXG.2018132T033541.v2.0.NDVI.tif,S30,T48SXG,2018-05-12,2018132,033541,EPSG:32648,600000.0,4090200.0,709800.0,4200000.0,True
/home/ec2-user/ndvi_sqs_work/ningxia/raw/HLS-VI.S30.T48SXJ.2018132T033541.v2.0.NDVI.tif,HLS-VI.S30.T48SXJ.2018132T033541.v2.0.NDVI.tif,S30,T48SXJ,2018-05-12,2018132,033541,EPSG:32648,600000.0,4290240.0,709800.0,4400040.0,True
/home/ec2-user/ndvi_sqs_work/ningxia/raw/HLS-VI.S30.T48SYG.2018132T033541.v2.0.NDVI.tif,HLS-VI.S30.T48SYG.2018132T033541.v2.0.NDVI.tif,S30,T48SYG,2018-05-12,2018132,033541,EPSG:32648,699960.0,4090200.0,809760.0,4200000.0,True
/home/ec2-user/ndvi_sqs_work/ningxia/raw/HLS-VI.S30.T48SVG.2018135T034541.v2.0.NDVI.tif,HLS-VI.S30.T48SVG.2018135T034541.v2.0.NDVI.tif,S30,T48SVG,2018-05-15,2018135,034541,EPSG:32648,399960.0,4090200.0,509760.0,4200000.0,True
/home/ec2-user/ndvi_sqs_work/ningxia/raw/HLS-VI.S30.T48SWE.2018135T034541.v2.0.NDVI.tif,HLS-VI.S30.T48SWE.2018135T034541.v2.0.NDVI.tif,S30,T48SWE,2018-05-15,2018135,034541,EPSG:32648,499980.0,3890220.0,609780.0,4000020.0,True
/home/ec2-user/ndvi_sqs_work/ningxia/raw/HLS-VI.S30.T48SWF.2018135T034541.v2.0.NDVI.tif,HLS-VI.S30.T48SWF.2018135T034541.v2.0.NDVI.tif,S30,T48SWF,2018-05-15,2018135,034541,EPSG:32648,499980.0,3990240.0,609780.0,4100040.0,True
/home/ec2-user/ndvi_sqs_work/ningxia/raw/HLS-VI.S30.T48SWG.2018135T034541.v2.0.NDVI.tif,HLS-VI.S30.T48SWG.2018135T034541.v2.0.NDVI.tif,S30,T48SWG,2018-05-15,2018135,034541,EPSG:32648,499980.0,4090200.0,609780.0,4200000.0,True
/home/ec2-user/ndvi_sqs_work/ningxia/raw/HLS-VI.S30.T48SWH.2018135T034541.v2.0.NDVI.tif,HLS-VI.S30.T48SWH.2018135T034541.v2.0.NDVI.tif,S30,T48SWH,2018-05-15,2018135,034541,EPSG:32648,499980.0,4190220.0,609780.0,4300020.0,True
/home/ec2-user/ndvi_sqs_work/ningxia/raw/HLS-VI.S30.T48SWJ.2018135T034541.v2.0.NDVI.tif,HLS-VI.S30.T48SWJ.2018135T034541.v2.0.NDVI.tif,S30,T48SWJ,2018-05-15,2018135,034541,EPSG:32648,499980.0,4290240.0,609780.0,4400040.0,True
/home/ec2-user/ndvi_sqs_work/ningxia/raw/HLS-VI.S30.T48SXF.2018135T034541.v2.0.NDVI.tif,HLS-VI.S30.T48SXF.2018135T034541.v2.0.NDVI.tif,S30,T48SXF,2018-05-15,2018135,034541,EPSG:32648,600000.0,3990240.0,709800.0,4100040.0,True
/home/ec2-user/ndvi_sqs_work/ningxia/raw/HLS-VI.S30.T48SXG.2018135T034541.v2.0.NDVI.tif,HLS-VI.S30.T48SXG.2018135T034541.v2.0.NDVI.tif,S30,T48SXG,2018-05-15,2018135,034541,EPSG:32648,600000.0,4090200.0,709800.0,4200000.0,True
/home/ec2-user/ndvi_sqs_work/ningxia/raw/HLS-VI.S30.T48SXH.2018135T034541.v2.0.NDVI.tif,HLS-VI.S30.T48SXH.2018135T034541.v2.0.NDVI.tif,S30,T48SXH,2018-05-15,2018135,034541,EPSG:32648,600000.0,4190220.0,709800.0,4300020.0,True
/home/ec2-user/ndvi_sqs_work/ningxia/raw/HLS-VI.S30.T48SXJ.2018135T034541.v2.0.NDVI.tif,HLS-VI.S30.T48SXJ.2018135T034541.v2.0.NDVI.tif,S30,T48SXJ,2018-05-15,2018135,034541,EPSG:32648,600000.0,4290240.0,709800.0,4400040.0,True
/home/ec2-user/ndvi_sqs_work/ningxia/raw/HLS-VI.S30.T48SWG.2018137T033539.v2.0.NDVI.tif,HLS-VI.S30.T48SWG.2018137T033539.v2.0.NDVI.tif,S30,T48SWG,2018-05-17,2018137,033539,EPSG:32648,499980.0,4090200.0,609780.0,4200000.0,True
/home/ec2-user/ndvi_sqs_work/ningxia/raw/HLS-VI.S30.T48SWE.2018142T033541.v2.0.NDVI.tif,HLS-VI.S30.T48SWE.2018142T033541.v2.0.NDVI.tif,S30,T48SWE,2018-05-22,2018142,033541,EPSG:32648,499980.0,3890220.0,609780.0,4000020.0,True
/home/ec2-user/ndvi_sqs_work/ningxia/raw/HLS-VI.S30.T48SWG.2018142T033541.v2.0.NDVI.tif,HLS-VI.S30.T48SWG.2018142T033541.v2.0.NDVI.tif,S30,T48SWG,2018-05-22,2018142,033541,EPSG:32648,499980.0,4090200.0,609780.0,4200000.0,True
/home/ec2-user/ndvi_sqs_work/ningxia/raw/HLS-VI.S30.T48SWH.2018142T033541.v2.0.NDVI.tif,HLS-VI.S30.T48SWH.2018142T033541.v2.0.NDVI.tif,S30,T48SWH,2018-05-22,2018142,033541,EPSG:32648,499980.0,4190220.0,609780.0,4300020.0,True
/home/ec2-user/ndvi_sqs_work/ningxia/raw/HLS-VI.S30.T48SWJ.2018142T033541.v2.0.NDVI.tif,HLS-VI.S30.T48SWJ.2018142T033541.v2.0.NDVI.tif,S30,T48SWJ,2018-05-22,2018142,033541,EPSG:32648,499980.0,4290240.0,609780.0,4400040.0,True
/home/ec2-user/ndvi_sqs_work/ningxia/raw/HLS-VI.S30.T48SXE.2018142T033541.v2.0.NDVI.tif,HLS-VI.S30.T48SXE.2018142T033541.v2.0.NDVI.tif,S30,T48SXE,2018-05-22,2018142,033541,EPSG:32648,600000.0,3890220.0,709800.0,4000020.0,True
/home/ec2-user/ndvi_sqs_work/ningxia/raw/HLS-VI.S30.T48SXF.2018142T033541.v2.0.NDVI.tif,HLS-VI.S30.T48SXF.2018142T033541.v2.0.NDVI.tif,S30,T48SXF,2018-05-22,2018142,033541,EPSG:32648,600000.0,3990240.0,709800.0,4100040.0,True
/home/ec2-user/ndvi_sqs_work/ningxia/raw/HLS-VI.S30.T48SXG.2018142T033541.v2.0.NDVI.tif,HLS-VI.S30.T48SXG.2018142T033541.v2.0.NDVI.tif,S30,T48SXG,2018-05-22,2018142,033541,EPSG:32648,600000.0,4090200.0,709800.0,4200000.0,True
/home/ec2-user/ndvi_sqs_work/ningxia/raw/HLS-VI.S30.T48SXH.2018142T033541.v2.0.NDVI.tif,HLS-VI.S30.T48SXH.2018142T033541.v2.0.NDVI.tif,S30,T48SXH,2018-05-22,2018142,033541,EPSG:32648,600000.0,4190220.0,709800.0,4300020.0,True
/home/ec2-user/ndvi_sqs_work/ningxia/raw/HLS-VI.S30.T48SXJ.2018142T033541.v2.0.NDVI.tif,HLS-VI.S30.T48SXJ.2018142T033541.v2.0.NDVI.tif,S30,T48SXJ,2018-05-22,2018142,033541,EPSG:32648,600000.0,4290240.0,709800.0,4400040.0,True
/home/ec2-user/ndvi_sqs_work/ningxia/raw/HLS-VI.S30.T48SYG.2018142T033541.v2.0.NDVI.tif,HLS-VI.S30.T48SYG.2018142T033541.v2.0.NDVI.tif,S30,T48SYG,2018-05-22,2018142,033541,EPSG:32648,699960.0,4090200.0,809760.0,4200000.0,True
/home/ec2-user/ndvi_sqs_work/ningxia/raw/HLS-VI.S30.T48SYH.2018142T033541.v2.0.NDVI.tif,HLS-VI.S30.T48SYH.2018142T033541.v2.0.NDVI.tif,S30,T48SYH,2018-05-22,2018142,033541,EPSG:32648,699960.0,4190220.0,809760.0,4300020.0,True
/home/ec2-user/ndvi_sqs_work/ningxia/raw/HLS-VI.S30.T48SWH.2018150T034529.v2.0.NDVI.tif,HLS-VI.S30.T48SWH.2018150T034529.v2.0.NDVI.tif,S30,T48SWH,2018-05-30,2018150,034529,EPSG:32648,499980.0,4190220.0,609780.0,4300020.0,True
/home/ec2-user/ndvi_sqs_work/ningxia/raw/HLS-VI.S30.T48SXF.2018150T034529.v2.0.NDVI.tif,HLS-VI.S30.T48SXF.2018150T034529.v2.0.NDVI.tif,S30,T48SXF,2018-05-30,2018150,034529,EPSG:32648,600000.0,3990240.0,709800.0,4100040.0,True
/home/ec2-user/ndvi_sqs_work/ningxia/raw/HLS-VI.S30.T48SXG.2018150T034529.v2.0.NDVI.tif,HLS-VI.S30.T48SXG.2018150T034529.v2.0.NDVI.tif,S30,T48SXG,2018-05-30,2018150,034529,EPSG:32648,600000.0,4090200.0,709800.0,4200000.0,True
/home/ec2-user/ndvi_sqs_work/ningxia/raw/HLS-VI.S30.T48SXH.2018150T034529.v2.0.NDVI.tif,HLS-VI.S30.T48SXH.2018150T034529.v2.0.NDVI.tif,S30,T48SXH,2018-05-30,2018150,034529,EPSG:32648,600000.0,4190220.0,709800.0,4300020.0,True
/home/ec2-user/ndvi_sqs_work/ningxia/raw/HLS-VI.S30.T48SVG.2018155T034541.v2.0.NDVI.tif,HLS-VI.S30.T48SVG.2018155T034541.v2.0.NDVI.tif,S30,T48SVG,2018-06-04,2018155,034541,EPSG:32648,399960.0,4090200.0,509760.0,4200000.0,True
/home/ec2-user/ndvi_sqs_work/ningxia/raw/HLS-VI.S30.T48SWE.2018155T034541.v2.0.NDVI.tif,HLS-VI.S30.T48SWE.2018155T034541.v2.0.NDVI.tif,S30,T48SWE,2018-06-04,2018155,034541,EPSG:32648,499980.0,3890220.0,609780.0,4000020.0,True
/home/ec2-user/ndvi_sqs_work/ningxia/raw/HLS-VI.S30.T48SWF.2018155T034541.v2.0.NDVI.tif,HLS-VI.S30.T48SWF.2018155T034541.v2.0.NDVI.tif,S30,T48SWF,2018-06-04,2018155,034541,EPSG:32648,499980.0,3990240.0,609780.0,4100040.0,True
/home/ec2-user/ndvi_sqs_work/ningxia/raw/HLS-VI.S30.T48SWG.2018155T034541.v2.0.NDVI.tif,HLS-VI.S30.T48SWG.2018155T034541.v2.0.NDVI.tif,S30,T48SWG,2018-06-04,2018155,034541,EPSG:32648,499980.0,4090200.0,609780.0,4200000.0,True
/home/ec2-user/ndvi_sqs_work/ningxia/raw/HLS-VI.S30.T48SWH.2018155T034541.v2.0.NDVI.tif,HLS-VI.S30.T48SWH.2018155T034541.v2.0.NDVI.tif,S30,T48SWH,2018-06-04,2018155,034541,EPSG:32648,499980.0,4190220.0,609780.0,4300020.0,True
/home/ec2-user/ndvi_sqs_work/ningxia/raw/HLS-VI.S30.T48SWJ.2018155T034541.v2.0.NDVI.tif,HLS-VI.S30.T48SWJ.2018155T034541.v2.0.NDVI.tif,S30,T48SWJ,2018-06-04,2018155,034541,EPSG:32648,499980.0,4290240.0,609780.0,4400040.0,True
/home/ec2-user/ndvi_sqs_work/ningxia/raw/HLS-VI.S30.T48SXF.2018155T034541.v2.0.NDVI.tif,HLS-VI.S30.T48SXF.2018155T034541.v2.0.NDVI.tif,S30,T48SXF,2018-06-04,2018155,034541,EPSG:32648,600000.0,3990240.0,709800.0,4100040.0,True
/home/ec2-user/ndvi_sqs_work/ningxia/raw/HLS-VI.S30.T48SXG.2018155T034541.v2.0.NDVI.tif,HLS-VI.S30.T48SXG.2018155T034541.v2.0.NDVI.tif,S30,T48SXG,2018-06-04,2018155,034541,EPSG:32648,600000.0,4090200.0,709800.0,4200000.0,True
/home/ec2-user/ndvi_sqs_work/ningxia/raw/HLS-VI.S30.T48SXH.2018155T034541.v2.0.NDVI.tif,HLS-VI.S30.T48SXH.2018155T034541.v2.0.NDVI.tif,S30,T48SXH,2018-06-04,2018155,034541,EPSG:32648,600000.0,4190220.0,709800.0,4300020.0,True
/home/ec2-user/ndvi_sqs_work/ningxia/raw/HLS-VI.S30.T48SXJ.2018155T034541.v2.0.NDVI.tif,HLS-VI.S30.T48SXJ.2018155T034541.v2.0.NDVI.tif,S30,T48SXJ,2018-06-04,2018155,034541,EPSG:32648,600000.0,4290240.0,709800.0,4400040.0,True
/home/ec2-user/ndvi_sqs_work/ningxia/raw/HLS-VI.S30.T48SXH.2018160T034529.v2.0.NDVI.tif,HLS-VI.S30.T48SXH.2018160T034529.v2.0.NDVI.tif,S30,T48SXH,2018-06-09,2018160,034529,EPSG:32648,600000.0,4190220.0,709800.0,4300020.0,True
/home/ec2-user/ndvi_sqs_work/ningxia/raw/HLS-VI.S30.T48SWE.2018162T033531.v2.0.NDVI.tif,HLS-VI.S30.T48SWE.2018162T033531.v2.0.NDVI.tif,S30,T48SWE,2018-06-11,2018162,033531,EPSG:32648,499980.0,3890220.0,609780.0,4000020.0,True
/home/ec2-user/ndvi_sqs_work/ningxia/raw/HLS-VI.S30.T48SWG.2018162T033531.v2.0.NDVI.tif,HLS-VI.S30.T48SWG.2018162T033531.v2.0.NDVI.tif,S30,T48SWG,2018-06-11,2018162,033531,EPSG:32648,499980.0,4090200.0,609780.0,4200000.0,True
/home/ec2-user/ndvi_sqs_work/ningxia/raw/HLS-VI.S30.T48SXF.2018162T033531.v2.0.NDVI.tif,HLS-VI.S30.T48SXF.2018162T033531.v2.0.NDVI.tif,S30,T48SXF,2018-06-11,2018162,033531,EPSG:32648,600000.0,3990240.0,709800.0,4100040.0,True
/home/ec2-user/ndvi_sqs_work/ningxia/raw/HLS-VI.S30.T48SXG.2018162T033531.v2.0.NDVI.tif,HLS-VI.S30.T48SXG.2018162T033531.v2.0.NDVI.tif,S30,T48SXG,2018-06-11,2018162,033531,EPSG:32648,600000.0,4090200.0,709800.0,4200000.0,True
/home/ec2-user/ndvi_sqs_work/ningxia/raw/HLS-VI.S30.T48SWH.2018165T034531.v2.0.NDVI.tif,HLS-VI.S30.T48SWH.2018165T034531.v2.0.NDVI.tif,S30,T48SWH,2018-06-14,2018165,034531,EPSG:32648,499980.0,4190220.0,609780.0,4300020.0,True
/home/ec2-user/ndvi_sqs_work/ningxia/raw/HLS-VI.S30.T48SWJ.2018165T034531.v2.0.NDVI.tif,HLS-VI.S30.T48SWJ.2018165T034531.v2.0.NDVI.tif,S30,T48SWJ,2018-06-14,2018165,034531,EPSG:32648,499980.0,4290240.0,609780.0,4400040.0,True
/home/ec2-user/ndvi_sqs_work/ningxia/raw/HLS-VI.S30.T48SXF.2018165T034531.v2.0.NDVI.tif,HLS-VI.S30.T48SXF.2018165T034531.v2.0.NDVI.tif,S30,T48SXF,2018-06-14,2018165,034531,EPSG:32648,600000.0,3990240.0,709800.0,4100040.0,True
/home/ec2-user/ndvi_sqs_work/ningxia/raw/HLS-VI.S30.T48SXG.2018165T034531.v2.0.NDVI.tif,HLS-VI.S30.T48SXG.2018165T034531.v2.0.NDVI.tif,S30,T48SXG,2018-06-14,2018165,034531,EPSG:32648,600000.0,4090200.0,709800.0,4200000.0,True
/home/ec2-user/ndvi_sqs_work/ningxia/raw/HLS-VI.S30.T48SXH.2018165T034531.v2.0.NDVI.tif,HLS-VI.S30.T48SXH.2018165T034531.v2.0.NDVI.tif,S30,T48SXH,2018-06-14,2018165,034531,EPSG:32648,600000.0,4190220.0,709800.0,4300020.0,True
/home/ec2-user/ndvi_sqs_work/ningxia/raw/HLS-VI.S30.T48SXJ.2018165T034531.v2.0.NDVI.tif,HLS-VI.S30.T48SXJ.2018165T034531.v2.0.NDVI.tif,S30,T48SXJ,2018-06-14,2018165,034531,EPSG:32648,600000.0,4290240.0,709800.0,4400040.0,True
/home/ec2-user/ndvi_sqs_work/ningxia/raw/HLS-VI.S30.T48SXJ.2018170T034539.v2.0.NDVI.tif,HLS-VI.S30.T48SXJ.2018170T034539.v2.0.NDVI.tif,S30,T48SXJ,2018-06-19,2018170,034539,EPSG:32648,600000.0,4290240.0,709800.0,4400040.0,True
/home/ec2-user/ndvi_sqs_work/ningxia/raw/HLS-VI.S30.T48SXJ.2018177T033539.v2.0.NDVI.tif,HLS-VI.S30.T48SXJ.2018177T033539.v2.0.NDVI.tif,S30,T48SXJ,2018-06-26,2018177,033539,EPSG:32648,600000.0,4290240.0,709800.0,4400040.0,True
/home/ec2-user/ndvi_sqs_work/ningxia/raw/HLS-VI.S30.T48SXG.2018190T034539.v2.0.NDVI.tif,HLS-VI.S30.T48SXG.2018190T034539.v2.0.NDVI.tif,S30,T48SXG,2018-07-09,2018190,034539,EPSG:32648,600000.0,4090200.0,709800.0,4200000.0,True
/home/ec2-user/ndvi_sqs_work/ningxia/raw/HLS-VI.S30.T48SWH.2018192T033541.v2.0.NDVI.tif,HLS-VI.S30.T48SWH.2018192T033541.v2.0.NDVI.tif,S30,T48SWH,2018-07-11,2018192,033541,EPSG:32648,499980.0,4190220.0,609780.0,4300020.0,True
/home/ec2-user/ndvi_sqs_work/ningxia/raw/HLS-VI.S30.T48SXH.2018192T033541.v2.0.NDVI.tif,HLS-VI.S30.T48SXH.2018192T033541.v2.0.NDVI.tif,S30,T48SXH,2018-07-11,2018192,033541,EPSG:32648,600000.0,4190220.0,709800.0,4300020.0,True
/home/ec2-user/ndvi_sqs_work/ningxia/raw/HLS-VI.S30.T48SWG.2018197T033539.v2.0.NDVI.tif,HLS-VI.S30.T48SWG.2018197T033539.v2.0.NDVI.tif,S30,T48SWG,2018-07-16,2018197,033539,EPSG:32648,499980.0,4090200.0,609780.0,4200000.0,True
/home/ec2-user/ndvi_sqs_work/ningxia/raw/HLS-VI.S30.T48SWH.2018197T033539.v2.0.NDVI.tif,HLS-VI.S30.T48SWH.2018197T033539.v2.0.NDVI.tif,S30,T48SWH,2018-07-16,2018197,033539,EPSG:32648,499980.0,4190220.0,609780.0,4300020.0,True
/home/ec2-user/ndvi_sqs_work/ningxia/raw/HLS-VI.S30.T48SWJ.2018197T033539.v2.0.NDVI.tif,HLS-VI.S30.T48SWJ.2018197T033539.v2.0.NDVI.tif,S30,T48SWJ,2018-07-16,2018197,033539,EPSG:32648,499980.0,4290240.0,609780.0,4400040.0,True
/home/ec2-user/ndvi_sqs_work/ningxia/raw/HLS-VI.S30.T48SXJ.2018197T033539.v2.0.NDVI.tif,HLS-VI.S30.T48SXJ.2018197T033539.v2.0.NDVI.tif,S30,T48SXJ,2018-07-16,2018197,033539,EPSG:32648,600000.0,4290240.0,709800.0,4400040.0,True
/home/ec2-user/ndvi_sqs_work/ningxia/raw/HLS-VI.S30.T48SWH.2018200T034529.v2.0.NDVI.tif,HLS-VI.S30.T48SWH.2018200T034529.v2.0.NDVI.tif,S30,T48SWH,2018-07-19,2018200,034529,EPSG:32648,499980.0,4190220.0,609780.0,4300020.0,True
/home/ec2-user/ndvi_sqs_work/ningxia/raw/HLS-VI.S30.T48SVG.2018205T034541.v2.0.NDVI.tif,HLS-VI.S30.T48SVG.2018205T034541.v2.0.NDVI.tif,S30,T48SVG,2018-07-24,2018205,034541,EPSG:32648,399960.0,4090200.0,509760.0,4200000.0,True
/home/ec2-user/ndvi_sqs_work/ningxia/raw/HLS-VI.S30.T48SWH.2018205T034541.v2.0.NDVI.tif,HLS-VI.S30.T48SWH.2018205T034541.v2.0.NDVI.tif,S30,T48SWH,2018-07-24,2018205,034541,EPSG:32648,499980.0,4190220.0,609780.0,4300020.0,True
/home/ec2-user/ndvi_sqs_work/ningxia/raw/HLS-VI.S30.T48SWJ.2018205T034541.v2.0.NDVI.tif,HLS-VI.S30.T48SWJ.2018205T034541.v2.0.NDVI.tif,S30,T48SWJ,2018-07-24,2018205,034541,EPSG:32648,499980.0,4290240.0,609780.0,4400040.0,True
/home/ec2-user/ndvi_sqs_work/ningxia/raw/HLS-VI.S30.T48SXH.2018205T034541.v2.0.NDVI.tif,HLS-VI.S30.T48SXH.2018205T034541.v2.0.NDVI.tif,S30,T48SXH,2018-07-24,2018205,034541,EPSG:32648,600000.0,4190220.0,709800.0,4300020.0,True
/home/ec2-user/ndvi_sqs_work/ningxia/raw/HLS-VI.S30.T48SXJ.2018205T034541.v2.0.NDVI.tif,HLS-VI.S30.T48SXJ.2018205T034541.v2.0.NDVI.tif,S30,T48SXJ,2018-07-24,2018205,034541,EPSG:32648,600000.0,4290240.0,709800.0,4400040.0,True
/home/ec2-user/ndvi_sqs_work/ningxia/raw/HLS-VI.S30.T48SWJ.2018207T033529.v2.0.NDVI.tif,HLS-VI.S30.T48SWJ.2018207T033529.v2.0.NDVI.tif,S30,T48SWJ,2018-07-26,2018207,033529,EPSG:32648,499980.0,4290240.0,609780.0,4400040.0,True
/home/ec2-user/ndvi_sqs_work/ningxia/raw/HLS-VI.S30.T48SXJ.2018207T033529.v2.0.NDVI.tif,HLS-VI.S30.T48SXJ.2018207T033529.v2.0.NDVI.tif,S30,T48SXJ,2018-07-26,2018207,033529,EPSG:32648,600000.0,4290240.0,709800.0,4400040.0,True
/home/ec2-user/ndvi_sqs_work/ningxia/raw/HLS-VI.S30.T48SXH.2018210T034529.v2.0.NDVI.tif,HLS-VI.S30.T48SXH.2018210T034529.v2.0.NDVI.tif,S30,T48SXH,2018-07-29,2018210,034529,EPSG:32648,600000.0,4190220.0,709800.0,4300020.0,True
/home/ec2-user/ndvi_sqs_work/ningxia/raw/HLS-VI.S30.T48SWH.2018217T033529.v2.0.NDVI.tif,HLS-VI.S30.T48SWH.2018217T033529.v2.0.NDVI.tif,S30,T48SWH,2018-08-05,2018217,033529,EPSG:32648,499980.0,4190220.0,609780.0,4300020.0,True
/home/ec2-user/ndvi_sqs_work/ningxia/raw/HLS-VI.S30.T48SXH.2018217T033529.v2.0.NDVI.tif,HLS-VI.S30.T48SXH.2018217T033529.v2.0.NDVI.tif,S30,T48SXH,2018-08-05,2018217,033529,EPSG:32648,600000.0,4190220.0,709800.0,4300020.0,True
/home/ec2-user/ndvi_sqs_work/ningxia/raw/HLS-VI.S30.T48SXJ.2018217T033529.v2.0.NDVI.tif,HLS-VI.S30.T48SXJ.2018217T033529.v2.0.NDVI.tif,S30,T48SXJ,2018-08-05,2018217,033529,EPSG:32648,600000.0,4290240.0,709800.0,4400040.0,True
/home/ec2-user/ndvi_sqs_work/ningxia/raw/HLS-VI.S30.T48SYH.2018217T033529.v2.0.NDVI.tif,HLS-VI.S30.T48SYH.2018217T033529.v2.0.NDVI.tif,S30,T48SYH,2018-08-05,2018217,033529,EPSG:32648,699960.0,4190220.0,809760.0,4300020.0,True
/home/ec2-user/ndvi_sqs_work/ningxia/raw/HLS-VI.S30.T48SVG.2018235T034531.v2.0.NDVI.tif,HLS-VI.S30.T48SVG.2018235T034531.v2.0.NDVI.tif,S30,T48SVG,2018-08-23,2018235,034531,EPSG:32648,399960.0,4090200.0,509760.0,4200000.0,True
/home/ec2-user/ndvi_sqs_work/ningxia/raw/HLS-VI.S30.T48SWF.2018235T034531.v2.0.NDVI.tif,HLS-VI.S30.T48SWF.2018235T034531.v2.0.NDVI.tif,S30,T48SWF,2018-08-23,2018235,034531,EPSG:32648,499980.0,3990240.0,609780.0,4100040.0,True
/home/ec2-user/ndvi_sqs_work/ningxia/raw/HLS-VI.S30.T48SWG.2018235T034531.v2.0.NDVI.tif,HLS-VI.S30.T48SWG.2018235T034531.v2.0.NDVI.tif,S30,T48SWG,2018-08-23,2018235,034531,EPSG:32648,499980.0,4090200.0,609780.0,4200000.0,True
/home/ec2-user/ndvi_sqs_work/ningxia/raw/HLS-VI.S30.T48SWH.2018235T034531.v2.0.NDVI.tif,HLS-VI.S30.T48SWH.2018235T034531.v2.0.NDVI.tif,S30,T48SWH,2018-08-23,2018235,034531,EPSG:32648,499980.0,4190220.0,609780.0,4300020.0,True
/home/ec2-user/ndvi_sqs_work/ningxia/raw/HLS-VI.S30.T48SWJ.2018235T034531.v2.0.NDVI.tif,HLS-VI.S30.T48SWJ.2018235T034531.v2.0.NDVI.tif,S30,T48SWJ,2018-08-23,2018235,034531,EPSG:32648,499980.0,4290240.0,609780.0,4400040.0,True
/home/ec2-user/ndvi_sqs_work/ningxia/raw/HLS-VI.S30.T48SXG.2018235T034531.v2.0.NDVI.tif,HLS-VI.S30.T48SXG.2018235T034531.v2.0.NDVI.tif,S30,T48SXG,2018-08-23,2018235,034531,EPSG:32648,600000.0,4090200.0,709800.0,4200000.0,True
/home/ec2-user/ndvi_sqs_work/ningxia/raw/HLS-VI.S30.T48SXH.2018235T034531.v2.0.NDVI.tif,HLS-VI.S30.T48SXH.2018235T034531.v2.0.NDVI.tif,S30,T48SXH,2018-08-23,2018235,034531,EPSG:32648,600000.0,4190220.0,709800.0,4300020.0,True
/home/ec2-user/ndvi_sqs_work/ningxia/raw/HLS-VI.S30.T48SXJ.2018235T034531.v2.0.NDVI.tif,HLS-VI.S30.T48SXJ.2018235T034531.v2.0.NDVI.tif,S30,T48SXJ,2018-08-23,2018235,034531,EPSG:32648,600000.0,4290240.0,709800.0,4400040.0,True
/home/ec2-user/ndvi_sqs_work/ningxia/raw/HLS-VI.S30.T48SVG.2018250T034529.v2.0.NDVI.tif,HLS-VI.S30.T48SVG.2018250T034529.v2.0.NDVI.tif,S30,T48SVG,2018-09-07,2018250,034529,EPSG:32648,399960.0,4090200.0,509760.0,4200000.0,True
/home/ec2-user/ndvi_sqs_work/ningxia/raw/HLS-VI.S30.T48SWG.2018250T034529.v2.0.NDVI.tif,HLS-VI.S30.T48SWG.2018250T034529.v2.0.NDVI.tif,S30,T48SWG,2018-09-07,2018250,034529,EPSG:32648,499980.0,4090200.0,609780.0,4200000.0,True
/home/ec2-user/ndvi_sqs_work/ningxia/raw/HLS-VI.S30.T48SWH.2018250T034529.v2.0.NDVI.tif,HLS-VI.S30.T48SWH.2018250T034529.v2.0.NDVI.tif,S30,T48SWH,2018-09-07,2018250,034529,EPSG:32648,499980.0,4190220.0,609780.0,4300020.0,True
/home/ec2-user/ndvi_sqs_work/ningxia/raw/HLS-VI.S30.T48SWJ.2018250T034529.v2.0.NDVI.tif,HLS-VI.S30.T48SWJ.2018250T034529.v2.0.NDVI.tif,S30,T48SWJ,2018-09-07,2018250,034529,EPSG:32648,499980.0,4290240.0,609780.0,4400040.0,True
/home/ec2-user/ndvi_sqs_work/ningxia/raw/HLS-VI.S30.T48SXF.2018250T034529.v2.0.NDVI.tif,HLS-VI.S30.T48SXF.2018250T034529.v2.0.NDVI.tif,S30,T48SXF,2018-09-07,2018250,034529,EPSG:32648,600000.0,3990240.0,709800.0,4100040.0,True
/home/ec2-user/ndvi_sqs_work/ningxia/raw/HLS-VI.S30.T48SXG.2018250T034529.v2.0.NDVI.tif,HLS-VI.S30.T48SXG.2018250T034529.v2.0.NDVI.tif,S30,T48SXG,2018-09-07,2018250,034529,EPSG:32648,600000.0,4090200.0,709800.0,4200000.0,True
/home/ec2-user/ndvi_sqs_work/ningxia/raw/HLS-VI.S30.T48SXH.2018250T034529.v2.0.NDVI.tif,HLS-VI.S30.T48SXH.2018250T034529.v2.0.NDVI.tif,S30,T48SXH,2018-09-07,2018250,034529,EPSG:32648,600000.0,4190220.0,709800.0,4300020.0,True
/home/ec2-user/ndvi_sqs_work/ningxia/raw/HLS-VI.S30.T48SVG.2018265T034531.v2.0.NDVI.tif,HLS-VI.S30.T48SVG.2018265T034531.v2.0.NDVI.tif,S30,T48SVG,2018-09-22,2018265,034531,EPSG:32648,399960.0,4090200.0,509760.0,4200000.0,True
/home/ec2-user/ndvi_sqs_work/ningxia/raw/HLS-VI.S30.T48SWG.2018265T034531.v2.0.NDVI.tif,HLS-VI.S30.T48SWG.2018265T034531.v2.0.NDVI.tif,S30,T48SWG,2018-09-22,2018265,034531,EPSG:32648,499980.0,4090200.0,609780.0,4200000.0,True
/home/ec2-user/ndvi_sqs_work/ningxia/raw/HLS-VI.S30.T48SWH.2018265T034531.v2.0.NDVI.tif,HLS-VI.S30.T48SWH.2018265T034531.v2.0.NDVI.tif,S30,T48SWH,2018-09-22,2018265,034531,EPSG:32648,499980.0,4190220.0,609780.0,4300020.0,True
/home/ec2-user/ndvi_sqs_work/ningxia/raw/HLS-VI.S30.T48SWJ.2018265T034531.v2.0.NDVI.tif,HLS-VI.S30.T48SWJ.2018265T034531.v2.0.NDVI.tif,S30,T48SWJ,2018-09-22,2018265,034531,EPSG:32648,499980.0,4290240.0,609780.0,4400040.0,True
/home/ec2-user/ndvi_sqs_work/ningxia/raw/HLS-VI.S30.T48SXG.2018265T034531.v2.0.NDVI.tif,HLS-VI.S30.T48SXG.2018265T034531.v2.0.NDVI.tif,S30,T48SXG,2018-09-22,2018265,034531,EPSG:32648,600000.0,4090200.0,709800.0,4200000.0,True
/home/ec2-user/ndvi_sqs_work/ningxia/raw/HLS-VI.S30.T48SXH.2018265T034531.v2.0.NDVI.tif,HLS-VI.S30.T48SXH.2018265T034531.v2.0.NDVI.tif,S30,T48SXH,2018-09-22,2018265,034531,EPSG:32648,600000.0,4190220.0,709800.0,4300020.0,True
/home/ec2-user/ndvi_sqs_work/ningxia/raw/HLS-VI.S30.T48SXJ.2018265T034531.v2.0.NDVI.tif,HLS-VI.S30.T48SXJ.2018265T034531.v2.0.NDVI.tif,S30,T48SXJ,2018-09-22,2018265,034531,EPSG:32648,600000.0,4290240.0,709800.0,4400040.0,True
/home/ec2-user/ndvi_sqs_work/ningxia/raw/HLS-VI.S30.T48SWF.2018272T033531.v2.0.NDVI.tif,HLS-VI.S30.T48SWF.2018272T033531.v2.0.NDVI.tif,S30,T48SWF,2018-09-29,2018272,033531,EPSG:32648,499980.0,3990240.0,609780.0,4100040.0,True
/home/ec2-user/ndvi_sqs_work/ningxia/raw/HLS-VI.S30.T48SWG.2018272T033531.v2.0.NDVI.tif,HLS-VI.S30.T48SWG.2018272T033531.v2.0.NDVI.tif,S30,T48SWG,2018-09-29,2018272,033531,EPSG:32648,499980.0,4090200.0,609780.0,4200000.0,True
/home/ec2-user/ndvi_sqs_work/ningxia/raw/HLS-VI.S30.T48SWH.2018272T033531.v2.0.NDVI.tif,HLS-VI.S30.T48SWH.2018272T033531.v2.0.NDVI.tif,S30,T48SWH,2018-09-29,2018272,033531,EPSG:32648,499980.0,4190220.0,609780.0,4300020.0,True
/home/ec2-user/ndvi_sqs_work/ningxia/raw/HLS-VI.S30.T48SWJ.2018272T033531.v2.0.NDVI.tif,HLS-VI.S30.T48SWJ.2018272T033531.v2.0.NDVI.tif,S30,T48SWJ,2018-09-29,2018272,033531,EPSG:32648,499980.0,4290240.0,609780.0,4400040.0,True
/home/ec2-user/ndvi_sqs_work/ningxia/raw/HLS-VI.S30.T48SXF.2018272T033531.v2.0.NDVI.tif,HLS-VI.S30.T48SXF.2018272T033531.v2.0.NDVI.tif,S30,T48SXF,2018-09-29,2018272,033531,EPSG:32648,600000.0,3990240.0,709800.0,4100040.0,True
/home/ec2-user/ndvi_sqs_work/ningxia/raw/HLS-VI.S30.T48SXG.2018272T033531.v2.0.NDVI.tif,HLS-VI.S30.T48SXG.2018272T033531.v2.0.NDVI.tif,S30,T48SXG,2018-09-29,2018272,033531,EPSG:32648,600000.0,4090200.0,709800.0,4200000.0,True
/home/ec2-user/ndvi_sqs_work/ningxia/raw/HLS-VI.S30.T48SXH.2018272T033531.v2.0.NDVI.tif,HLS-VI.S30.T48SXH.2018272T033531.v2.0.NDVI.tif,S30,T48SXH,2018-09-29,2018272,033531,EPSG:32648,600000.0,4190220.0,709800.0,4300020.0,True
/home/ec2-user/ndvi_sqs_work/ningxia/raw/HLS-VI.S30.T48SXJ.2018272T033531.v2.0.NDVI.tif,HLS-VI.S30.T48SXJ.2018272T033531.v2.0.NDVI.tif,S30,T48SXJ,2018-09-29,2018272,033531,EPSG:32648,600000.0,4290240.0,709800.0,4400040.0,True
/home/ec2-user/ndvi_sqs_work/ningxia/raw/HLS-VI.S30.T48SYH.2018272T033531.v2.0.NDVI.tif,HLS-VI.S30.T48SYH.2018272T033531.v2.0.NDVI.tif,S30,T48SYH,2018-09-29,2018272,033531,EPSG:32648,699960.0,4190220.0,809760.0,4300020.0,True
/home/ec2-user/ndvi_sqs_work/ningxia/raw/HLS-VI.S30.T48SWH.2018275T034551.v2.0.NDVI.tif,HLS-VI.S30.T48SWH.2018275T034551.v2.0.NDVI.tif,S30,T48SWH,2018-10-02,2018275,034551,EPSG:32648,499980.0,4190220.0,609780.0,4300020.0,True
/home/ec2-user/ndvi_sqs_work/ningxia/raw/HLS-VI.S30.T48SWJ.2018275T034551.v2.0.NDVI.tif,HLS-VI.S30.T48SWJ.2018275T034551.v2.0.NDVI.tif,S30,T48SWJ,2018-10-02,2018275,034551,EPSG:32648,499980.0,4290240.0,609780.0,4400040.0,True
/home/ec2-user/ndvi_sqs_work/ningxia/raw/HLS-VI.S30.T48SXF.2018275T034551.v2.0.NDVI.tif,HLS-VI.S30.T48SXF.2018275T034551.v2.0.NDVI.tif,S30,T48SXF,2018-10-02,2018275,034551,EPSG:32648,600000.0,3990240.0,709800.0,4100040.0,True
/home/ec2-user/ndvi_sqs_work/ningxia/raw/HLS-VI.S30.T48SXG.2018275T034551.v2.0.NDVI.tif,HLS-VI.S30.T48SXG.2018275T034551.v2.0.NDVI.tif,S30,T48SXG,2018-10-02,2018275,034551,EPSG:32648,600000.0,4090200.0,709800.0,4200000.0,True
/home/ec2-user/ndvi_sqs_work/ningxia/raw/HLS-VI.S30.T48SXH.2018275T034551.v2.0.NDVI.tif,HLS-VI.S30.T48SXH.2018275T034551.v2.0.NDVI.tif,S30,T48SXH,2018-10-02,2018275,034551,EPSG:32648,600000.0,4190220.0,709800.0,4300020.0,True
/home/ec2-user/ndvi_sqs_work/ningxia/raw/HLS-VI.S30.T48SXJ.2018275T034551.v2.0.NDVI.tif,HLS-VI.S30.T48SXJ.2018275T034551.v2.0.NDVI.tif,S30,T48SXJ,2018-10-02,2018275,034551,EPSG:32648,600000.0,4290240.0,709800.0,4400040.0,True
/home/ec2-user/ndvi_sqs_work/ningxia/raw/HLS-VI.S30.T48SWE.2018277T033559.v2.0.NDVI.tif,HLS-VI.S30.T48SWE.2018277T033559.v2.0.NDVI.tif,S30,T48SWE,2018-10-04,2018277,033559,EPSG:32648,499980.0,3890220.0,609780.0,4000020.0,True
/home/ec2-user/ndvi_sqs_work/ningxia/raw/HLS-VI.S30.T48SWF.2018277T033559.v2.0.NDVI.tif,HLS-VI.S30.T48SWF.2018277T033559.v2.0.NDVI.tif,S30,T48SWF,2018-10-04,2018277,033559,EPSG:32648,499980.0,3990240.0,609780.0,4100040.0,True
/home/ec2-user/ndvi_sqs_work/ningxia/raw/HLS-VI.S30.T48SWG.2018277T033559.v2.0.NDVI.tif,HLS-VI.S30.T48SWG.2018277T033559.v2.0.NDVI.tif,S30,T48SWG,2018-10-04,2018277,033559,EPSG:32648,499980.0,4090200.0,609780.0,4200000.0,True
/home/ec2-user/ndvi_sqs_work/ningxia/raw/HLS-VI.S30.T48SWH.2018277T033559.v2.0.NDVI.tif,HLS-VI.S30.T48SWH.2018277T033559.v2.0.NDVI.tif,S30,T48SWH,2018-10-04,2018277,033559,EPSG:32648,499980.0,4190220.0,609780.0,4300020.0,True
/home/ec2-user/ndvi_sqs_work/ningxia/raw/HLS-VI.S30.T48SWJ.2018277T033559.v2.0.NDVI.tif,HLS-VI.S30.T48SWJ.2018277T033559.v2.0.NDVI.tif,S30,T48SWJ,2018-10-04,2018277,033559,EPSG:32648,499980.0,4290240.0,609780.0,4400040.0,True
/home/ec2-user/ndvi_sqs_work/ningxia/raw/HLS-VI.S30.T48SXE.2018277T033559.v2.0.NDVI.tif,HLS-VI.S30.T48SXE.2018277T033559.v2.0.NDVI.tif,S30,T48SXE,2018-10-04,2018277,033559,EPSG:32648,600000.0,3890220.0,709800.0,4000020.0,True
/home/ec2-user/ndvi_sqs_work/ningxia/raw/HLS-VI.S30.T48SXF.2018277T033559.v2.0.NDVI.tif,HLS-VI.S30.T48SXF.2018277T033559.v2.0.NDVI.tif,S30,T48SXF,2018-10-04,2018277,033559,EPSG:32648,600000.0,3990240.0,709800.0,4100040.0,True
/home/ec2-user/ndvi_sqs_work/ningxia/raw/HLS-VI.S30.T48SXG.2018277T033559.v2.0.NDVI.tif,HLS-VI.S30.T48SXG.2018277T033559.v2.0.NDVI.tif,S30,T48SXG,2018-10-04,2018277,033559,EPSG:32648,600000.0,4090200.0,709800.0,4200000.0,True
/home/ec2-user/ndvi_sqs_work/ningxia/raw/HLS-VI.S30.T48SXH.2018277T033559.v2.0.NDVI.tif,HLS-VI.S30.T48SXH.2018277T033559.v2.0.NDVI.tif,S30,T48SXH,2018-10-04,2018277,033559,EPSG:32648,600000.0,4190220.0,709800.0,4300020.0,True
/home/ec2-user/ndvi_sqs_work/ningxia/raw/HLS-VI.S30.T48SXJ.2018277T033559.v2.0.NDVI.tif,HLS-VI.S30.T48SXJ.2018277T033559.v2.0.NDVI.tif,S30,T48SXJ,2018-10-04,2018277,033559,EPSG:32648,600000.0,4290240.0,709800.0,4400040.0,True
/home/ec2-user/ndvi_sqs_work/ningxia/raw/HLS-VI.S30.T48SYG.2018277T033559.v2.0.NDVI.tif,HLS-VI.S30.T48SYG.2018277T033559.v2.0.NDVI.tif,S30,T48SYG,2018-10-04,2018277,033559,EPSG:32648,699960.0,4090200.0,809760.0,4200000.0,True
/home/ec2-user/ndvi_sqs_work/ningxia/raw/HLS-VI.S30.T48SYH.2018277T033559.v2.0.NDVI.tif,HLS-VI.S30.T48SYH.2018277T033559.v2.0.NDVI.tif,S30,T48SYH,2018-10-04,2018277,033559,EPSG:32648,699960.0,4190220.0,809760.0,4300020.0,True
/home/ec2-user/ndvi_sqs_work/ningxia/raw/HLS-VI.S30.T48SVG.2018280T034619.v2.0.NDVI.tif,HLS-VI.S30.T48SVG.2018280T034619.v2.0.NDVI.tif,S30,T48SVG,2018-10-07,2018280,034619,EPSG:32648,399960.0,4090200.0,509760.0,4200000.0,True
/home/ec2-user/ndvi_sqs_work/ningxia/raw/HLS-VI.S30.T48SWG.2018280T034619.v2.0.NDVI.tif,HLS-VI.S30.T48SWG.2018280T034619.v2.0.NDVI.tif,S30,T48SWG,2018-10-07,2018280,034619,EPSG:32648,499980.0,4090200.0,609780.0,4200000.0,True
/home/ec2-user/ndvi_sqs_work/ningxia/raw/HLS-VI.S30.T48SWH.2018280T034619.v2.0.NDVI.tif,HLS-VI.S30.T48SWH.2018280T034619.v2.0.NDVI.tif,S30,T48SWH,2018-10-07,2018280,034619,EPSG:32648,499980.0,4190220.0,609780.0,4300020.0,True
/home/ec2-user/ndvi_sqs_work/ningxia/raw/HLS-VI.S30.T48SWJ.2018280T034619.v2.0.NDVI.tif,HLS-VI.S30.T48SWJ.2018280T034619.v2.0.NDVI.tif,S30,T48SWJ,2018-10-07,2018280,034619,EPSG:32648,499980.0,4290240.0,609780.0,4400040.0,True
/home/ec2-user/ndvi_sqs_work/ningxia/raw/HLS-VI.S30.T48SXF.2018280T034619.v2.0.NDVI.tif,HLS-VI.S30.T48SXF.2018280T034619.v2.0.NDVI.tif,S30,T48SXF,2018-10-07,2018280,034619,EPSG:32648,600000.0,3990240.0,709800.0,4100040.0,True
/home/ec2-user/ndvi_sqs_work/ningxia/raw/HLS-VI.S30.T48SXG.2018280T034619.v2.0.NDVI.tif,HLS-VI.S30.T48SXG.2018280T034619.v2.0.NDVI.tif,S30,T48SXG,2018-10-07,2018280,034619,EPSG:32648,600000.0,4090200.0,709800.0,4200000.0,True
/home/ec2-user/ndvi_sqs_work/ningxia/raw/HLS-VI.S30.T48SXH.2018280T034619.v2.0.NDVI.tif,HLS-VI.S30.T48SXH.2018280T034619.v2.0.NDVI.tif,S30,T48SXH,2018-10-07,2018280,034619,EPSG:32648,600000.0,4190220.0,709800.0,4300020.0,True
/home/ec2-user/ndvi_sqs_work/ningxia/raw/HLS-VI.S30.T48SXJ.2018280T034619.v2.0.NDVI.tif,HLS-VI.S30.T48SXJ.2018280T034619.v2.0.NDVI.tif,S30,T48SXJ,2018-10-07,2018280,034619,EPSG:32648,600000.0,4290240.0,709800.0,4400040.0,True
/home/ec2-user/ndvi_sqs_work/ningxia/raw/HLS-VI.S30.T48SWE.2018282T033631.v2.0.NDVI.tif,HLS-VI.S30.T48SWE.2018282T033631.v2.0.NDVI.tif,S30,T48SWE,2018-10-09,2018282,033631,EPSG:32648,499980.0,3890220.0,609780.0,4000020.0,True
/home/ec2-user/ndvi_sqs_work/ningxia/raw/HLS-VI.S30.T48SWF.2018282T033631.v2.0.NDVI.tif,HLS-VI.S30.T48SWF.2018282T033631.v2.0.NDVI.tif,S30,T48SWF,2018-10-09,2018282,033631,EPSG:32648,499980.0,3990240.0,609780.0,4100040.0,True
/home/ec2-user/ndvi_sqs_work/ningxia/raw/HLS-VI.S30.T48SWG.2018282T033631.v2.0.NDVI.tif,HLS-VI.S30.T48SWG.2018282T033631.v2.0.NDVI.tif,S30,T48SWG,2018-10-09,2018282,033631,EPSG:32648,499980.0,4090200.0,609780.0,4200000.0,True
/home/ec2-user/ndvi_sqs_work/ningxia/raw/HLS-VI.S30.T48SWH.2018282T033631.v2.0.NDVI.tif,HLS-VI.S30.T48SWH.2018282T033631.v2.0.NDVI.tif,S30,T48SWH,2018-10-09,2018282,033631,EPSG:32648,499980.0,4190220.0,609780.0,4300020.0,True
/home/ec2-user/ndvi_sqs_work/ningxia/raw/HLS-VI.S30.T48SWJ.2018282T033631.v2.0.NDVI.tif,HLS-VI.S30.T48SWJ.2018282T033631.v2.0.NDVI.tif,S30,T48SWJ,2018-10-09,2018282,033631,EPSG:32648,499980.0,4290240.0,609780.0,4400040.0,True
/home/ec2-user/ndvi_sqs_work/ningxia/raw/HLS-VI.S30.T48SXE.2018282T033631.v2.0.NDVI.tif,HLS-VI.S30.T48SXE.2018282T033631.v2.0.NDVI.tif,S30,T48SXE,2018-10-09,2018282,033631,EPSG:32648,600000.0,3890220.0,709800.0,4000020.0,True
/home/ec2-user/ndvi_sqs_work/ningxia/raw/HLS-VI.S30.T48SXF.2018282T033631.v2.0.NDVI.tif,HLS-VI.S30.T48SXF.2018282T033631.v2.0.NDVI.tif,S30,T48SXF,2018-10-09,2018282,033631,EPSG:32648,600000.0,3990240.0,709800.0,4100040.0,True
/home/ec2-user/ndvi_sqs_work/ningxia/raw/HLS-VI.S30.T48SXG.2018282T033631.v2.0.NDVI.tif,HLS-VI.S30.T48SXG.2018282T033631.v2.0.NDVI.tif,S30,T48SXG,2018-10-09,2018282,033631,EPSG:32648,600000.0,4090200.0,709800.0,4200000.0,True
/home/ec2-user/ndvi_sqs_work/ningxia/raw/HLS-VI.S30.T48SXH.2018282T033631.v2.0.NDVI.tif,HLS-VI.S30.T48SXH.2018282T033631.v2.0.NDVI.tif,S30,T48SXH,2018-10-09,2018282,033631,EPSG:32648,600000.0,4190220.0,709800.0,4300020.0,True
/home/ec2-user/ndvi_sqs_work/ningxia/raw/HLS-VI.S30.T48SXJ.2018282T033631.v2.0.NDVI.tif,HLS-VI.S30.T48SXJ.2018282T033631.v2.0.NDVI.tif,S30,T48SXJ,2018-10-09,2018282,033631,EPSG:32648,600000.0,4290240.0,709800.0,4400040.0,True
/home/ec2-user/ndvi_sqs_work/ningxia/raw/HLS-VI.S30.T48SYG.2018282T033631.v2.0.NDVI.tif,HLS-VI.S30.T48SYG.2018282T033631.v2.0.NDVI.tif,S30,T48SYG,2018-10-09,2018282,033631,EPSG:32648,699960.0,4090200.0,809760.0,4200000.0,True
/home/ec2-user/ndvi_sqs_work/ningxia/raw/HLS-VI.S30.T48SYH.2018282T033631.v2.0.NDVI.tif,HLS-VI.S30.T48SYH.2018282T033631.v2.0.NDVI.tif,S30,T48SYH,2018-10-09,2018282,033631,EPSG:32648,699960.0,4190220.0,809760.0,4300020.0,True
/home/ec2-user/ndvi_sqs_work/ningxia/raw/HLS-VI.S30.T48SVG.2018285T034701.v2.0.NDVI.tif,HLS-VI.S30.T48SVG.2018285T034701.v2.0.NDVI.tif,S30,T48SVG,2018-10-12,2018285,034701,EPSG:32648,399960.0,4090200.0,509760.0,4200000.0,True
/home/ec2-user/ndvi_sqs_work/ningxia/raw/HLS-VI.S30.T48SWG.2018285T034701.v2.0.NDVI.tif,HLS-VI.S30.T48SWG.2018285T034701.v2.0.NDVI.tif,S30,T48SWG,2018-10-12,2018285,034701,EPSG:32648,499980.0,4090200.0,609780.0,4200000.0,True
/home/ec2-user/ndvi_sqs_work/ningxia/raw/HLS-VI.S30.T48SWH.2018285T034701.v2.0.NDVI.tif,HLS-VI.S30.T48SWH.2018285T034701.v2.0.NDVI.tif,S30,T48SWH,2018-10-12,2018285,034701,EPSG:32648,499980.0,4190220.0,609780.0,4300020.0,True
/home/ec2-user/ndvi_sqs_work/ningxia/raw/HLS-VI.S30.T48SWJ.2018285T034701.v2.0.NDVI.tif,HLS-VI.S30.T48SWJ.2018285T034701.v2.0.NDVI.tif,S30,T48SWJ,2018-10-12,2018285,034701,EPSG:32648,499980.0,4290240.0,609780.0,4400040.0,True
/home/ec2-user/ndvi_sqs_work/ningxia/raw/HLS-VI.S30.T48SXF.2018285T034701.v2.0.NDVI.tif,HLS-VI.S30.T48SXF.2018285T034701.v2.0.NDVI.tif,S30,T48SXF,2018-10-12,2018285,034701,EPSG:32648,600000.0,3990240.0,709800.0,4100040.0,True
/home/ec2-user/ndvi_sqs_work/ningxia/raw/HLS-VI.S30.T48SXG.2018285T034701.v2.0.NDVI.tif,HLS-VI.S30.T48SXG.2018285T034701.v2.0.NDVI.tif,S30,T48SXG,2018-10-12,2018285,034701,EPSG:32648,600000.0,4090200.0,709800.0,4200000.0,True
/home/ec2-user/ndvi_sqs_work/ningxia/raw/HLS-VI.S30.T48SXH.2018285T034701.v2.0.NDVI.tif,HLS-VI.S30.T48SXH.2018285T034701.v2.0.NDVI.tif,S30,T48SXH,2018-10-12,2018285,034701,EPSG:32648,600000.0,4190220.0,709800.0,4300020.0,True
/home/ec2-user/ndvi_sqs_work/ningxia/raw/HLS-VI.S30.T48SXJ.2018285T034701.v2.0.NDVI.tif,HLS-VI.S30.T48SXJ.2018285T034701.v2.0.NDVI.tif,S30,T48SXJ,2018-10-12,2018285,034701,EPSG:32648,600000.0,4290240.0,709800.0,4400040.0,True
/home/ec2-user/ndvi_sqs_work/ningxia/raw/HLS-VI.S30.T48SXF.2018290T034729.v2.0.NDVI.tif,HLS-VI.S30.T48SXF.2018290T034729.v2.0.NDVI.tif,S30,T48SXF,2018-10-17,2018290,034729,EPSG:32648,600000.0,3990240.0,709800.0,4100040.0,True
/home/ec2-user/ndvi_sqs_work/ningxia/raw/HLS-VI.S30.T48SWG.2018295T034801.v2.0.NDVI.tif,HLS-VI.S30.T48SWG.2018295T034801.v2.0.NDVI.tif,S30,T48SWG,2018-10-22,2018295,034801,EPSG:32648,499980.0,4090200.0,609780.0,4200000.0,True
/home/ec2-user/ndvi_sqs_work/ningxia/raw/HLS-VI.S30.T48SWH.2018295T034801.v2.0.NDVI.tif,HLS-VI.S30.T48SWH.2018295T034801.v2.0.NDVI.tif,S30,T48SWH,2018-10-22,2018295,034801,EPSG:32648,499980.0,4190220.0,609780.0,4300020.0,True
/home/ec2-user/ndvi_sqs_work/ningxia/raw/HLS-VI.S30.T48SWJ.2018295T034801.v2.0.NDVI.tif,HLS-VI.S30.T48SWJ.2018295T034801.v2.0.NDVI.tif,S30,T48SWJ,2018-10-22,2018295,034801,EPSG:32648,499980.0,4290240.0,609780.0,4400040.0,True
/home/ec2-user/ndvi_sqs_work/ningxia/raw/HLS-VI.S30.T48SXG.2018295T034801.v2.0.NDVI.tif,HLS-VI.S30.T48SXG.2018295T034801.v2.0.NDVI.tif,S30,T48SXG,2018-10-22,2018295,034801,EPSG:32648,600000.0,4090200.0,709800.0,4200000.0,True
/home/ec2-user/ndvi_sqs_work/ningxia/raw/HLS-VI.S30.T48SXH.2018295T034801.v2.0.NDVI.tif,HLS-VI.S30.T48SXH.2018295T034801.v2.0.NDVI.tif,S30,T48SXH,2018-10-22,2018295,034801,EPSG:32648,600000.0,4190220.0,709800.0,4300020.0,True
/home/ec2-user/ndvi_sqs_work/ningxia/raw/HLS-VI.S30.T48SXJ.2018295T034801.v2.0.NDVI.tif,HLS-VI.S30.T48SXJ.2018295T034801.v2.0.NDVI.tif,S30,T48SXJ,2018-10-22,2018295,034801,EPSG:32648,600000.0,4290240.0,709800.0,4400040.0,True
/home/ec2-user/ndvi_sqs_work/ningxia/raw/HLS-VI.S30.T48SWJ.2018297T033809.v2.0.NDVI.tif,HLS-VI.S30.T48SWJ.2018297T033809.v2.0.NDVI.tif,S30,T48SWJ,2018-10-24,2018297,033809,EPSG:32648,499980.0,4290240.0,609780.0,4400040.0,True
/home/ec2-user/ndvi_sqs_work/ningxia/raw/HLS-VI.S30.T48SXJ.2018297T033809.v2.0.NDVI.tif,HLS-VI.S30.T48SXJ.2018297T033809.v2.0.NDVI.tif,S30,T48SXJ,2018-10-24,2018297,033809,EPSG:32648,600000.0,4290240.0,709800.0,4400040.0,True
/home/ec2-user/ndvi_sqs_work/ningxia/raw/HLS-VI.S30.T48SVG.2018300T034839.v2.0.NDVI.tif,HLS-VI.S30.T48SVG.2018300T034839.v2.0.NDVI.tif,S30,T48SVG,2018-10-27,2018300,034839,EPSG:32648,399960.0,4090200.0,509760.0,4200000.0,True
/home/ec2-user/ndvi_sqs_work/ningxia/raw/HLS-VI.S30.T48SWE.2018300T034839.v2.0.NDVI.tif,HLS-VI.S30.T48SWE.2018300T034839.v2.0.NDVI.tif,S30,T48SWE,2018-10-27,2018300,034839,EPSG:32648,499980.0,3890220.0,609780.0,4000020.0,True
/home/ec2-user/ndvi_sqs_work/ningxia/raw/HLS-VI.S30.T48SWF.2018300T034839.v2.0.NDVI.tif,HLS-VI.S30.T48SWF.2018300T034839.v2.0.NDVI.tif,S30,T48SWF,2018-10-27,2018300,034839,EPSG:32648,499980.0,3990240.0,609780.0,4100040.0,True
/home/ec2-user/ndvi_sqs_work/ningxia/raw/HLS-VI.S30.T48SWG.2018300T034839.v2.0.NDVI.tif,HLS-VI.S30.T48SWG.2018300T034839.v2.0.NDVI.tif,S30,T48SWG,2018-10-27,2018300,034839,EPSG:32648,499980.0,4090200.0,609780.0,4200000.0,True
/home/ec2-user/ndvi_sqs_work/ningxia/raw/HLS-VI.S30.T48SWH.2018300T034839.v2.0.NDVI.tif,HLS-VI.S30.T48SWH.2018300T034839.v2.0.NDVI.tif,S30,T48SWH,2018-10-27,2018300,034839,EPSG:32648,499980.0,4190220.0,609780.0,4300020.0,True
/home/ec2-user/ndvi_sqs_work/ningxia/raw/HLS-VI.S30.T48SWJ.2018300T034839.v2.0.NDVI.tif,HLS-VI.S30.T48SWJ.2018300T034839.v2.0.NDVI.tif,S30,T48SWJ,2018-10-27,2018300,034839,EPSG:32648,499980.0,4290240.0,609780.0,4400040.0,True
/home/ec2-user/ndvi_sqs_work/ningxia/raw/HLS-VI.S30.T48SXF.2018300T034839.v2.0.NDVI.tif,HLS-VI.S30.T48SXF.2018300T034839.v2.0.NDVI.tif,S30,T48SXF,2018-10-27,2018300,034839,EPSG:32648,600000.0,3990240.0,709800.0,4100040.0,True
/home/ec2-user/ndvi_sqs_work/ningxia/raw/HLS-VI.S30.T48SXG.2018300T034839.v2.0.NDVI.tif,HLS-VI.S30.T48SXG.2018300T034839.v2.0.NDVI.tif,S30,T48SXG,2018-10-27,2018300,034839,EPSG:32648,600000.0,4090200.0,709800.0,4200000.0,True
/home/ec2-user/ndvi_sqs_work/ningxia/raw/HLS-VI.S30.T48SXH.2018300T034839.v2.0.NDVI.tif,HLS-VI.S30.T48SXH.2018300T034839.v2.0.NDVI.tif,S30,T48SXH,2018-10-27,2018300,034839,EPSG:32648,600000.0,4190220.0,709800.0,4300020.0,True
/home/ec2-user/ndvi_sqs_work/ningxia/raw/HLS-VI.S30.T48SXJ.2018300T034839.v2.0.NDVI.tif,HLS-VI.S30.T48SXJ.2018300T034839.v2.0.NDVI.tif,S30,T48SXJ,2018-10-27,2018300,034839,EPSG:32648,600000.0,4290240.0,709800.0,4400040.0,True
/home/ec2-user/ndvi_sqs_work/ningxia/raw/HLS-VI.S30.T48SWG.2018302T033841.v2.0.NDVI.tif,HLS-VI.S30.T48SWG.2018302T033841.v2.0.NDVI.tif,S30,T48SWG,2018-10-29,2018302,033841,EPSG:32648,499980.0,4090200.0,609780.0,4200000.0,True
/home/ec2-user/ndvi_sqs_work/ningxia/raw/HLS-VI.S30.T48SWH.2018302T033841.v2.0.NDVI.tif,HLS-VI.S30.T48SWH.2018302T033841.v2.0.NDVI.tif,S30,T48SWH,2018-10-29,2018302,033841,EPSG:32648,499980.0,4190220.0,609780.0,4300020.0,True
/home/ec2-user/ndvi_sqs_work/ningxia/raw/HLS-VI.S30.T48SWJ.2018302T033841.v2.0.NDVI.tif,HLS-VI.S30.T48SWJ.2018302T033841.v2.0.NDVI.tif,S30,T48SWJ,2018-10-29,2018302,033841,EPSG:32648,499980.0,4290240.0,609780.0,4400040.0,True
/home/ec2-user/ndvi_sqs_work/ningxia/raw/HLS-VI.S30.T48SXE.2018302T033841.v2.0.NDVI.tif,HLS-VI.S30.T48SXE.2018302T033841.v2.0.NDVI.tif,S30,T48SXE,2018-10-29,2018302,033841,EPSG:32648,600000.0,3890220.0,709800.0,4000020.0,True
/home/ec2-user/ndvi_sqs_work/ningxia/raw/HLS-VI.S30.T48SXF.2018302T033841.v2.0.NDVI.tif,HLS-VI.S30.T48SXF.2018302T033841.v2.0.NDVI.tif,S30,T48SXF,2018-10-29,2018302,033841,EPSG:32648,600000.0,3990240.0,709800.0,4100040.0,True
/home/ec2-user/ndvi_sqs_work/ningxia/raw/HLS-VI.S30.T48SXG.2018302T033841.v2.0.NDVI.tif,HLS-VI.S30.T48SXG.2018302T033841.v2.0.NDVI.tif,S30,T48SXG,2018-10-29,2018302,033841,EPSG:32648,600000.0,4090200.0,709800.0,4200000.0,True
/home/ec2-user/ndvi_sqs_work/ningxia/raw/HLS-VI.S30.T48SXJ.2018302T033841.v2.0.NDVI.tif,HLS-VI.S30.T48SXJ.2018302T033841.v2.0.NDVI.tif,S30,T48SXJ,2018-10-29,2018302,033841,EPSG:32648,600000.0,4290240.0,709800.0,4400040.0,True
/home/ec2-user/ndvi_sqs_work/ningxia/raw/HLS-VI.S30.T48SYG.2018302T033841.v2.0.NDVI.tif,HLS-VI.S30.T48SYG.2018302T033841.v2.0.NDVI.tif,S30,T48SYG,2018-10-29,2018302,033841,EPSG:32648,699960.0,4090200.0,809760.0,4200000.0,True
/home/ec2-user/ndvi_sqs_work/ningxia/raw/HLS-VI.S30.T48SYH.2018302T033841.v2.0.NDVI.tif,HLS-VI.S30.T48SYH.2018302T033841.v2.0.NDVI.tif,S30,T48SYH,2018-10-29,2018302,033841,EPSG:32648,699960.0,4190220.0,809760.0,4300020.0,True
/home/ec2-user/ndvi_sqs_work/ningxia/raw/HLS-VI.S30.T48SVG.2018305T034901.v2.0.NDVI.tif,HLS-VI.S30.T48SVG.2018305T034901.v2.0.NDVI.tif,S30,T48SVG,2018-11-01,2018305,034901,EPSG:32648,399960.0,4090200.0,509760.0,4200000.0,True
/home/ec2-user/ndvi_sqs_work/ningxia/raw/HLS-VI.S30.T48SWF.2018305T034901.v2.0.NDVI.tif,HLS-VI.S30.T48SWF.2018305T034901.v2.0.NDVI.tif,S30,T48SWF,2018-11-01,2018305,034901,EPSG:32648,499980.0,3990240.0,609780.0,4100040.0,True
/home/ec2-user/ndvi_sqs_work/ningxia/raw/HLS-VI.S30.T48SWG.2018305T034901.v2.0.NDVI.tif,HLS-VI.S30.T48SWG.2018305T034901.v2.0.NDVI.tif,S30,T48SWG,2018-11-01,2018305,034901,EPSG:32648,499980.0,4090200.0,609780.0,4200000.0,True
/home/ec2-user/ndvi_sqs_work/ningxia/raw/HLS-VI.S30.T48SWH.2018305T034901.v2.0.NDVI.tif,HLS-VI.S30.T48SWH.2018305T034901.v2.0.NDVI.tif,S30,T48SWH,2018-11-01,2018305,034901,EPSG:32648,499980.0,4190220.0,609780.0,4300020.0,True
/home/ec2-user/ndvi_sqs_work/ningxia/raw/HLS-VI.S30.T48SWJ.2018305T034901.v2.0.NDVI.tif,HLS-VI.S30.T48SWJ.2018305T034901.v2.0.NDVI.tif,S30,T48SWJ,2018-11-01,2018305,034901,EPSG:32648,499980.0,4290240.0,609780.0,4400040.0,True
/home/ec2-user/ndvi_sqs_work/ningxia/raw/HLS-VI.S30.T48SXF.2018305T034901.v2.0.NDVI.tif,HLS-VI.S30.T48SXF.2018305T034901.v2.0.NDVI.tif,S30,T48SXF,2018-11-01,2018305,034901,EPSG:32648,600000.0,3990240.0,709800.0,4100040.0,True
/home/ec2-user/ndvi_sqs_work/ningxia/raw/HLS-VI.S30.T48SXG.2018305T034901.v2.0.NDVI.tif,HLS-VI.S30.T48SXG.2018305T034901.v2.0.NDVI.tif,S30,T48SXG,2018-11-01,2018305,034901,EPSG:32648,600000.0,4090200.0,709800.0,4200000.0,True
/home/ec2-user/ndvi_sqs_work/ningxia/raw/HLS-VI.S30.T48SXH.2018305T034901.v2.0.NDVI.tif,HLS-VI.S30.T48SXH.2018305T034901.v2.0.NDVI.tif,S30,T48SXH,2018-11-01,2018305,034901,EPSG:32648,600000.0,4190220.0,709800.0,4300020.0,True
/home/ec2-user/ndvi_sqs_work/ningxia/raw/HLS-VI.S30.T48SXJ.2018305T034901.v2.0.NDVI.tif,HLS-VI.S30.T48SXJ.2018305T034901.v2.0.NDVI.tif,S30,T48SXJ,2018-11-01,2018305,034901,EPSG:32648,600000.0,4290240.0,709800.0,4400040.0,True
/home/ec2-user/ndvi_sqs_work/ningxia/raw/HLS-VI.S30.T48SWG.2018310T034929.v2.0.NDVI.tif,HLS-VI.S30.T48SWG.2018310T034929.v2.0.NDVI.tif,S30,T48SWG,2018-11-06,2018310,034929,EPSG:32648,499980.0,4090200.0,609780.0,4200000.0,True
/home/ec2-user/ndvi_sqs_work/ningxia/raw/HLS-VI.S30.T48SWH.2018310T034929.v2.0.NDVI.tif,HLS-VI.S30.T48SWH.2018310T034929.v2.0.NDVI.tif,S30,T48SWH,2018-11-06,2018310,034929,EPSG:32648,499980.0,4190220.0,609780.0,4300020.0,True
/home/ec2-user/ndvi_sqs_work/ningxia/raw/HLS-VI.S30.T48SXH.2018310T034929.v2.0.NDVI.tif,HLS-VI.S30.T48SXH.2018310T034929.v2.0.NDVI.tif,S30,T48SXH,2018-11-06,2018310,034929,EPSG:32648,600000.0,4190220.0,709800.0,4300020.0,True
/home/ec2-user/ndvi_sqs_work/ningxia/raw/HLS-VI.S30.T48SXJ.2018310T034929.v2.0.NDVI.tif,HLS-VI.S30.T48SXJ.2018310T034929.v2.0.NDVI.tif,S30,T48SXJ,2018-11-06,2018310,034929,EPSG:32648,600000.0,4290240.0,709800.0,4400040.0,True
/home/ec2-user/ndvi_sqs_work/ningxia/raw/HLS-VI.S30.T48SWE.2018312T033941.v2.0.NDVI.tif,HLS-VI.S30.T48SWE.2018312T033941.v2.0.NDVI.tif,S30,T48SWE,2018-11-08,2018312,033941,EPSG:32648,499980.0,3890220.0,609780.0,4000020.0,True
/home/ec2-user/ndvi_sqs_work/ningxia/raw/HLS-VI.S30.T48SWF.2018312T033941.v2.0.NDVI.tif,HLS-VI.S30.T48SWF.2018312T033941.v2.0.NDVI.tif,S30,T48SWF,2018-11-08,2018312,033941,EPSG:32648,499980.0,3990240.0,609780.0,4100040.0,True
/home/ec2-user/ndvi_sqs_work/ningxia/raw/HLS-VI.S30.T48SWG.2018312T033941.v2.0.NDVI.tif,HLS-VI.S30.T48SWG.2018312T033941.v2.0.NDVI.tif,S30,T48SWG,2018-11-08,2018312,033941,EPSG:32648,499980.0,4090200.0,609780.0,4200000.0,True
/home/ec2-user/ndvi_sqs_work/ningxia/raw/HLS-VI.S30.T48SXE.2018312T033941.v2.0.NDVI.tif,HLS-VI.S30.T48SXE.2018312T033941.v2.0.NDVI.tif,S30,T48SXE,2018-11-08,2018312,033941,EPSG:32648,600000.0,3890220.0,709800.0,4000020.0,True
/home/ec2-user/ndvi_sqs_work/ningxia/raw/HLS-VI.S30.T48SXF.2018312T033941.v2.0.NDVI.tif,HLS-VI.S30.T48SXF.2018312T033941.v2.0.NDVI.tif,S30,T48SXF,2018-11-08,2018312,033941,EPSG:32648,600000.0,3990240.0,709800.0,4100040.0,True
/home/ec2-user/ndvi_sqs_work/ningxia/raw/HLS-VI.S30.T48SXG.2018312T033941.v2.0.NDVI.tif,HLS-VI.S30.T48SXG.2018312T033941.v2.0.NDVI.tif,S30,T48SXG,2018-11-08,2018312,033941,EPSG:32648,600000.0,4090200.0,709800.0,4200000.0,True
/home/ec2-user/ndvi_sqs_work/ningxia/raw/HLS-VI.S30.T48SXH.2018312T033941.v2.0.NDVI.tif,HLS-VI.S30.T48SXH.2018312T033941.v2.0.NDVI.tif,S30,T48SXH,2018-11-08,2018312,033941,EPSG:32648,600000.0,4190220.0,709800.0,4300020.0,True
/home/ec2-user/ndvi_sqs_work/ningxia/raw/HLS-VI.S30.T48SYG.2018312T033941.v2.0.NDVI.tif,HLS-VI.S30.T48SYG.2018312T033941.v2.0.NDVI.tif,S30,T48SYG,2018-11-08,2018312,033941,EPSG:32648,699960.0,4090200.0,809760.0,4200000.0,True
/home/ec2-user/ndvi_sqs_work/ningxia/raw/HLS-VI.S30.T48SYH.2018312T033941.v2.0.NDVI.tif,HLS-VI.S30.T48SYH.2018312T033941.v2.0.NDVI.tif,S30,T48SYH,2018-11-08,2018312,033941,EPSG:32648,699960.0,4190220.0,809760.0,4300020.0,True
/home/ec2-user/ndvi_sqs_work/ningxia/raw/HLS-VI.S30.T48SVG.2018315T035001.v2.0.NDVI.tif,HLS-VI.S30.T48SVG.2018315T035001.v2.0.NDVI.tif,S30,T48SVG,2018-11-11,2018315,035001,EPSG:32648,399960.0,4090200.0,509760.0,4200000.0,True
/home/ec2-user/ndvi_sqs_work/ningxia/raw/HLS-VI.S30.T48SWF.2018315T035001.v2.0.NDVI.tif,HLS-VI.S30.T48SWF.2018315T035001.v2.0.NDVI.tif,S30,T48SWF,2018-11-11,2018315,035001,EPSG:32648,499980.0,3990240.0,609780.0,4100040.0,True
/home/ec2-user/ndvi_sqs_work/ningxia/raw/HLS-VI.S30.T48SWG.2018315T035001.v2.0.NDVI.tif,HLS-VI.S30.T48SWG.2018315T035001.v2.0.NDVI.tif,S30,T48SWG,2018-11-11,2018315,035001,EPSG:32648,499980.0,4090200.0,609780.0,4200000.0,True
/home/ec2-user/ndvi_sqs_work/ningxia/raw/HLS-VI.S30.T48SWH.2018315T035001.v2.0.NDVI.tif,HLS-VI.S30.T48SWH.2018315T035001.v2.0.NDVI.tif,S30,T48SWH,2018-11-11,2018315,035001,EPSG:32648,499980.0,4190220.0,609780.0,4300020.0,True
/home/ec2-user/ndvi_sqs_work/ningxia/raw/HLS-VI.S30.T48SXG.2018315T035001.v2.0.NDVI.tif,HLS-VI.S30.T48SXG.2018315T035001.v2.0.NDVI.tif,S30,T48SXG,2018-11-11,2018315,035001,EPSG:32648,600000.0,4090200.0,709800.0,4200000.0,True
/home/ec2-user/ndvi_sqs_work/ningxia/raw/HLS-VI.S30.T48SXH.2018315T035001.v2.0.NDVI.tif,HLS-VI.S30.T48SXH.2018315T035001.v2.0.NDVI.tif,S30,T48SXH,2018-11-11,2018315,035001,EPSG:32648,600000.0,4190220.0,709800.0,4300020.0,True
/home/ec2-user/ndvi_sqs_work/ningxia/raw/HLS-VI.S30.T48SXJ.2018315T035001.v2.0.NDVI.tif,HLS-VI.S30.T48SXJ.2018315T035001.v2.0.NDVI.tif,S30,T48SXJ,2018-11-11,2018315,035001,EPSG:32648,600000.0,4290240.0,709800.0,4400040.0,True
/home/ec2-user/ndvi_sqs_work/ningxia/raw/HLS-VI.S30.T48SWE.2018322T034021.v2.0.NDVI.tif,HLS-VI.S30.T48SWE.2018322T034021.v2.0.NDVI.tif,S30,T48SWE,2018-11-18,2018322,034021,EPSG:32648,499980.0,3890220.0,609780.0,4000020.0,True
/home/ec2-user/ndvi_sqs_work/ningxia/raw/HLS-VI.S30.T48SWF.2018322T034021.v2.0.NDVI.tif,HLS-VI.S30.T48SWF.2018322T034021.v2.0.NDVI.tif,S30,T48SWF,2018-11-18,2018322,034021,EPSG:32648,499980.0,3990240.0,609780.0,4100040.0,True
/home/ec2-user/ndvi_sqs_work/ningxia/raw/HLS-VI.S30.T48SWH.2018322T034021.v2.0.NDVI.tif,HLS-VI.S30.T48SWH.2018322T034021.v2.0.NDVI.tif,S30,T48SWH,2018-11-18,2018322,034021,EPSG:32648,499980.0,4190220.0,609780.0,4300020.0,True
/home/ec2-user/ndvi_sqs_work/ningxia/raw/HLS-VI.S30.T48SWJ.2018322T034021.v2.0.NDVI.tif,HLS-VI.S30.T48SWJ.2018322T034021.v2.0.NDVI.tif,S30,T48SWJ,2018-11-18,2018322,034021,EPSG:32648,499980.0,4290240.0,609780.0,4400040.0,True
/home/ec2-user/ndvi_sqs_work/ningxia/raw/HLS-VI.S30.T48SXE.2018322T034021.v2.0.NDVI.tif,HLS-VI.S30.T48SXE.2018322T034021.v2.0.NDVI.tif,S30,T48SXE,2018-11-18,2018322,034021,EPSG:32648,600000.0,3890220.0,709800.0,4000020.0,True
/home/ec2-user/ndvi_sqs_work/ningxia/raw/HLS-VI.S30.T48SXF.2018322T034021.v2.0.NDVI.tif,HLS-VI.S30.T48SXF.2018322T034021.v2.0.NDVI.tif,S30,T48SXF,2018-11-18,2018322,034021,EPSG:32648,600000.0,3990240.0,709800.0,4100040.0,True
/home/ec2-user/ndvi_sqs_work/ningxia/raw/HLS-VI.S30.T48SXH.2018322T034021.v2.0.NDVI.tif,HLS-VI.S30.T48SXH.2018322T034021.v2.0.NDVI.tif,S30,T48SXH,2018-11-18,2018322,034021,EPSG:32648,600000.0,4190220.0,709800.0,4300020.0,True
/home/ec2-user/ndvi_sqs_work/ningxia/raw/HLS-VI.S30.T48SXJ.2018322T034021.v2.0.NDVI.tif,HLS-VI.S30.T48SXJ.2018322T034021.v2.0.NDVI.tif,S30,T48SXJ,2018-11-18,2018322,034021,EPSG:32648,600000.0,4290240.0,709800.0,4400040.0,True
/home/ec2-user/ndvi_sqs_work/ningxia/raw/HLS-VI.S30.T48SYG.2018322T034021.v2.0.NDVI.tif,HLS-VI.S30.T48SYG.2018322T034021.v2.0.NDVI.tif,S30,T48SYG,2018-11-18,2018322,034021,EPSG:32648,699960.0,4090200.0,809760.0,4200000.0,True
/home/ec2-user/ndvi_sqs_work/ningxia/raw/HLS-VI.S30.T48SYH.2018322T034021.v2.0.NDVI.tif,HLS-VI.S30.T48SYH.2018322T034021.v2.0.NDVI.tif,S30,T48SYH,2018-11-18,2018322,034021,EPSG:32648,699960.0,4190220.0,809760.0,4300020.0,True
/home/ec2-user/ndvi_sqs_work/ningxia/raw/HLS-VI.S30.T48SVG.2018325T035041.v2.0.NDVI.tif,HLS-VI.S30.T48SVG.2018325T035041.v2.0.NDVI.tif,S30,T48SVG,2018-11-21,2018325,035041,EPSG:32648,399960.0,4090200.0,509760.0,4200000.0,True
/home/ec2-user/ndvi_sqs_work/ningxia/raw/HLS-VI.S30.T48SWE.2018325T035041.v2.0.NDVI.tif,HLS-VI.S30.T48SWE.2018325T035041.v2.0.NDVI.tif,S30,T48SWE,2018-11-21,2018325,035041,EPSG:32648,499980.0,3890220.0,609780.0,4000020.0,True
/home/ec2-user/ndvi_sqs_work/ningxia/raw/HLS-VI.S30.T48SWF.2018325T035041.v2.0.NDVI.tif,HLS-VI.S30.T48SWF.2018325T035041.v2.0.NDVI.tif,S30,T48SWF,2018-11-21,2018325,035041,EPSG:32648,499980.0,3990240.0,609780.0,4100040.0,True
/home/ec2-user/ndvi_sqs_work/ningxia/raw/HLS-VI.S30.T48SWG.2018325T035041.v2.0.NDVI.tif,HLS-VI.S30.T48SWG.2018325T035041.v2.0.NDVI.tif,S30,T48SWG,2018-11-21,2018325,035041,EPSG:32648,499980.0,4090200.0,609780.0,4200000.0,True
/home/ec2-user/ndvi_sqs_work/ningxia/raw/HLS-VI.S30.T48SXG.2018325T035041.v2.0.NDVI.tif,HLS-VI.S30.T48SXG.2018325T035041.v2.0.NDVI.tif,S30,T48SXG,2018-11-21,2018325,035041,EPSG:32648,600000.0,4090200.0,709800.0,4200000.0,True
/home/ec2-user/ndvi_sqs_work/ningxia/raw/HLS-VI.S30.T48SXH.2018325T035041.v2.0.NDVI.tif,HLS-VI.S30.T48SXH.2018325T035041.v2.0.NDVI.tif,S30,T48SXH,2018-11-21,2018325,035041,EPSG:32648,600000.0,4190220.0,709800.0,4300020.0,True
/home/ec2-user/ndvi_sqs_work/ningxia/raw/HLS-VI.S30.T48SXJ.2018325T035041.v2.0.NDVI.tif,HLS-VI.S30.T48SXJ.2018325T035041.v2.0.NDVI.tif,S30,T48SXJ,2018-11-21,2018325,035041,EPSG:32648,600000.0,4290240.0,709800.0,4400040.0,True
/home/ec2-user/ndvi_sqs_work/ningxia/raw/HLS-VI.S30.T48SWG.2018327T034049.v2.0.NDVI.tif,HLS-VI.S30.T48SWG.2018327T034049.v2.0.NDVI.tif,S30,T48SWG,2018-11-23,2018327,034049,EPSG:32648,499980.0,4090200.0,609780.0,4200000.0,True
/home/ec2-user/ndvi_sqs_work/ningxia/raw/HLS-VI.S30.T48SWH.2018327T034049.v2.0.NDVI.tif,HLS-VI.S30.T48SWH.2018327T034049.v2.0.NDVI.tif,S30,T48SWH,2018-11-23,2018327,034049,EPSG:32648,499980.0,4190220.0,609780.0,4300020.0,True
/home/ec2-user/ndvi_sqs_work/ningxia/raw/HLS-VI.S30.T48SXE.2018327T034049.v2.0.NDVI.tif,HLS-VI.S30.T48SXE.2018327T034049.v2.0.NDVI.tif,S30,T48SXE,2018-11-23,2018327,034049,EPSG:32648,600000.0,3890220.0,709800.0,4000020.0,True
/home/ec2-user/ndvi_sqs_work/ningxia/raw/HLS-VI.S30.T48SXF.2018327T034049.v2.0.NDVI.tif,HLS-VI.S30.T48SXF.2018327T034049.v2.0.NDVI.tif,S30,T48SXF,2018-11-23,2018327,034049,EPSG:32648,600000.0,3990240.0,709800.0,4100040.0,True
/home/ec2-user/ndvi_sqs_work/ningxia/raw/HLS-VI.S30.T48SXG.2018327T034049.v2.0.NDVI.tif,HLS-VI.S30.T48SXG.2018327T034049.v2.0.NDVI.tif,S30,T48SXG,2018-11-23,2018327,034049,EPSG:32648,600000.0,4090200.0,709800.0,4200000.0,True
/home/ec2-user/ndvi_sqs_work/ningxia/raw/HLS-VI.S30.T48SXH.2018327T034049.v2.0.NDVI.tif,HLS-VI.S30.T48SXH.2018327T034049.v2.0.NDVI.tif,S30,T48SXH,2018-11-23,2018327,034049,EPSG:32648,600000.0,4190220.0,709800.0,4300020.0,True
/home/ec2-user/ndvi_sqs_work/ningxia/raw/HLS-VI.S30.T48SXJ.2018327T034049.v2.0.NDVI.tif,HLS-VI.S30.T48SXJ.2018327T034049.v2.0.NDVI.tif,S30,T48SXJ,2018-11-23,2018327,034049,EPSG:32648,600000.0,4290240.0,709800.0,4400040.0,True
/home/ec2-user/ndvi_sqs_work/ningxia/raw/HLS-VI.S30.T48SYG.2018327T034049.v2.0.NDVI.tif,HLS-VI.S30.T48SYG.2018327T034049.v2.0.NDVI.tif,S30,T48SYG,2018-11-23,2018327,034049,EPSG:32648,699960.0,4090200.0,809760.0,4200000.0,True
/home/ec2-user/ndvi_sqs_work/ningxia/raw/HLS-VI.S30.T48SYH.2018327T034049.v2.0.NDVI.tif,HLS-VI.S30.T48SYH.2018327T034049.v2.0.NDVI.tif,S30,T48SYH,2018-11-23,2018327,034049,EPSG:32648,699960.0,4190220.0,809760.0,4300020.0,True
/home/ec2-user/ndvi_sqs_work/ningxia/raw/HLS-VI.S30.T48SWJ.2018330T035059.v2.0.NDVI.tif,HLS-VI.S30.T48SWJ.2018330T035059.v2.0.NDVI.tif,S30,T48SWJ,2018-11-26,2018330,035059,EPSG:32648,499980.0,4290240.0,609780.0,4400040.0,True
/home/ec2-user/ndvi_sqs_work/ningxia/raw/HLS-VI.S30.T48SXJ.2018330T035059.v2.0.NDVI.tif,HLS-VI.S30.T48SXJ.2018330T035059.v2.0.NDVI.tif,S30,T48SXJ,2018-11-26,2018330,035059,EPSG:32648,600000.0,4290240.0,709800.0,4400040.0,True
/home/ec2-user/ndvi_sqs_work/ningxia/raw/HLS-VI.S30.T48SWH.2018332T034101.v2.0.NDVI.tif,HLS-VI.S30.T48SWH.2018332T034101.v2.0.NDVI.tif,S30,T48SWH,2018-11-28,2018332,034101,EPSG:32648,499980.0,4190220.0,609780.0,4300020.0,True
/home/ec2-user/ndvi_sqs_work/ningxia/raw/HLS-VI.S30.T48SWJ.2018332T034101.v2.0.NDVI.tif,HLS-VI.S30.T48SWJ.2018332T034101.v2.0.NDVI.tif,S30,T48SWJ,2018-11-28,2018332,034101,EPSG:32648,499980.0,4290240.0,609780.0,4400040.0,True
/home/ec2-user/ndvi_sqs_work/ningxia/raw/HLS-VI.S30.T48SXH.2018332T034101.v2.0.NDVI.tif,HLS-VI.S30.T48SXH.2018332T034101.v2.0.NDVI.tif,S30,T48SXH,2018-11-28,2018332,034101,EPSG:32648,600000.0,4190220.0,709800.0,4300020.0,True
/home/ec2-user/ndvi_sqs_work/ningxia/raw/HLS-VI.S30.T48SXJ.2018332T034101.v2.0.NDVI.tif,HLS-VI.S30.T48SXJ.2018332T034101.v2.0.NDVI.tif,S30,T48SXJ,2018-11-28,2018332,034101,EPSG:32648,600000.0,4290240.0,709800.0,4400040.0,True
/home/ec2-user/ndvi_sqs_work/ningxia/raw/HLS-VI.S30.T48SVG.2018335T035111.v2.0.NDVI.tif,HLS-VI.S30.T48SVG.2018335T035111.v2.0.NDVI.tif,S30,T48SVG,2018-12-01,2018335,035111,EPSG:32648,399960.0,4090200.0,509760.0,4200000.0,True
/home/ec2-user/ndvi_sqs_work/ningxia/raw/HLS-VI.S30.T48SWG.2018335T035111.v2.0.NDVI.tif,HLS-VI.S30.T48SWG.2018335T035111.v2.0.NDVI.tif,S30,T48SWG,2018-12-01,2018335,035111,EPSG:32648,499980.0,4090200.0,609780.0,4200000.0,True
/home/ec2-user/ndvi_sqs_work/ningxia/raw/HLS-VI.S30.T48SWH.2018335T035111.v2.0.NDVI.tif,HLS-VI.S30.T48SWH.2018335T035111.v2.0.NDVI.tif,S30,T48SWH,2018-12-01,2018335,035111,EPSG:32648,499980.0,4190220.0,609780.0,4300020.0,True
/home/ec2-user/ndvi_sqs_work/ningxia/raw/HLS-VI.S30.T48SWJ.2018335T035111.v2.0.NDVI.tif,HLS-VI.S30.T48SWJ.2018335T035111.v2.0.NDVI.tif,S30,T48SWJ,2018-12-01,2018335,035111,EPSG:32648,499980.0,4290240.0,609780.0,4400040.0,True
/home/ec2-user/ndvi_sqs_work/ningxia/raw/HLS-VI.S30.T48SXG.2018335T035111.v2.0.NDVI.tif,HLS-VI.S30.T48SXG.2018335T035111.v2.0.NDVI.tif,S30,T48SXG,2018-12-01,2018335,035111,EPSG:32648,600000.0,4090200.0,709800.0,4200000.0,True
/home/ec2-user/ndvi_sqs_work/ningxia/raw/HLS-VI.S30.T48SXH.2018335T035111.v2.0.NDVI.tif,HLS-VI.S30.T48SXH.2018335T035111.v2.0.NDVI.tif,S30,T48SXH,2018-12-01,2018335,035111,EPSG:32648,600000.0,4190220.0,709800.0,4300020.0,True
/home/ec2-user/ndvi_sqs_work/ningxia/raw/HLS-VI.S30.T48SXJ.2018335T035111.v2.0.NDVI.tif,HLS-VI.S30.T48SXJ.2018335T035111.v2.0.NDVI.tif,S30,T48SXJ,2018-12-01,2018335,035111,EPSG:32648,600000.0,4290240.0,709800.0,4400040.0,True
/home/ec2-user/ndvi_sqs_work/ningxia/raw/HLS-VI.S30.T48SWG.2018340T035129.v2.0.NDVI.tif,HLS-VI.S30.T48SWG.2018340T035129.v2.0.NDVI.tif,S30,T48SWG,2018-12-06,2018340,035129,EPSG:32648,499980.0,4090200.0,609780.0,4200000.0,True
/home/ec2-user/ndvi_sqs_work/ningxia/raw/HLS-VI.S30.T48SWH.2018340T035129.v2.0.NDVI.tif,HLS-VI.S30.T48SWH.2018340T035129.v2.0.NDVI.tif,S30,T48SWH,2018-12-06,2018340,035129,EPSG:32648,499980.0,4190220.0,609780.0,4300020.0,True
/home/ec2-user/ndvi_sqs_work/ningxia/raw/HLS-VI.S30.T48SXF.2018340T035129.v2.0.NDVI.tif,HLS-VI.S30.T48SXF.2018340T035129.v2.0.NDVI.tif,S30,T48SXF,2018-12-06,2018340,035129,EPSG:32648,600000.0,3990240.0,709800.0,4100040.0,True
/home/ec2-user/ndvi_sqs_work/ningxia/raw/HLS-VI.S30.T48SXG.2018340T035129.v2.0.NDVI.tif,HLS-VI.S30.T48SXG.2018340T035129.v2.0.NDVI.tif,S30,T48SXG,2018-12-06,2018340,035129,EPSG:32648,600000.0,4090200.0,709800.0,4200000.0,True
/home/ec2-user/ndvi_sqs_work/ningxia/raw/HLS-VI.S30.T48SXH.2018340T035129.v2.0.NDVI.tif,HLS-VI.S30.T48SXH.2018340T035129.v2.0.NDVI.tif,S30,T48SXH,2018-12-06,2018340,035129,EPSG:32648,600000.0,4190220.0,709800.0,4300020.0,True
/home/ec2-user/ndvi_sqs_work/ningxia/raw/HLS-VI.S30.T48SXH.2018345T035131.v2.0.NDVI.tif,HLS-VI.S30.T48SXH.2018345T035131.v2.0.NDVI.tif,S30,T48SXH,2018-12-11,2018345,035131,EPSG:32648,600000.0,4190220.0,709800.0,4300020.0,True
/home/ec2-user/ndvi_sqs_work/ningxia/raw/HLS-VI.S30.T48SXJ.2018345T035131.v2.0.NDVI.tif,HLS-VI.S30.T48SXJ.2018345T035131.v2.0.NDVI.tif,S30,T48SXJ,2018-12-11,2018345,035131,EPSG:32648,600000.0,4290240.0,709800.0,4400040.0,True
/home/ec2-user/ndvi_sqs_work/ningxia/raw/HLS-VI.S30.T48SWJ.2018347T034139.v2.0.NDVI.tif,HLS-VI.S30.T48SWJ.2018347T034139.v2.0.NDVI.tif,S30,T48SWJ,2018-12-13,2018347,034139,EPSG:32648,499980.0,4290240.0,609780.0,4400040.0,True
/home/ec2-user/ndvi_sqs_work/ningxia/raw/HLS-VI.S30.T48SXJ.2018347T034139.v2.0.NDVI.tif,HLS-VI.S30.T48SXJ.2018347T034139.v2.0.NDVI.tif,S30,T48SXJ,2018-12-13,2018347,034139,EPSG:32648,600000.0,4290240.0,709800.0,4400040.0,True
/home/ec2-user/ndvi_sqs_work/ningxia/raw/HLS-VI.S30.T48SVG.2018350T035149.v2.0.NDVI.tif,HLS-VI.S30.T48SVG.2018350T035149.v2.0.NDVI.tif,S30,T48SVG,2018-12-16,2018350,035149,EPSG:32648,399960.0,4090200.0,509760.0,4200000.0,True
/home/ec2-user/ndvi_sqs_work/ningxia/raw/HLS-VI.S30.T48SWE.2018350T035149.v2.0.NDVI.tif,HLS-VI.S30.T48SWE.2018350T035149.v2.0.NDVI.tif,S30,T48SWE,2018-12-16,2018350,035149,EPSG:32648,499980.0,3890220.0,609780.0,4000020.0,True
/home/ec2-user/ndvi_sqs_work/ningxia/raw/HLS-VI.S30.T48SWF.2018350T035149.v2.0.NDVI.tif,HLS-VI.S30.T48SWF.2018350T035149.v2.0.NDVI.tif,S30,T48SWF,2018-12-16,2018350,035149,EPSG:32648,499980.0,3990240.0,609780.0,4100040.0,True
/home/ec2-user/ndvi_sqs_work/ningxia/raw/HLS-VI.S30.T48SWG.2018350T035149.v2.0.NDVI.tif,HLS-VI.S30.T48SWG.2018350T035149.v2.0.NDVI.tif,S30,T48SWG,2018-12-16,2018350,035149,EPSG:32648,499980.0,4090200.0,609780.0,4200000.0,True
/home/ec2-user/ndvi_sqs_work/ningxia/raw/HLS-VI.S30.T48SXF.2018350T035149.v2.0.NDVI.tif,HLS-VI.S30.T48SXF.2018350T035149.v2.0.NDVI.tif,S30,T48SXF,2018-12-16,2018350,035149,EPSG:32648,600000.0,3990240.0,709800.0,4100040.0,True
/home/ec2-user/ndvi_sqs_work/ningxia/raw/HLS-VI.S30.T48SXG.2018350T035149.v2.0.NDVI.tif,HLS-VI.S30.T48SXG.2018350T035149.v2.0.NDVI.tif,S30,T48SXG,2018-12-16,2018350,035149,EPSG:32648,600000.0,4090200.0,709800.0,4200000.0,True
/home/ec2-user/ndvi_sqs_work/ningxia/raw/HLS-VI.S30.T48SXH.2018350T035149.v2.0.NDVI.tif,HLS-VI.S30.T48SXH.2018350T035149.v2.0.NDVI.tif,S30,T48SXH,2018-12-16,2018350,035149,EPSG:32648,600000.0,4190220.0,709800.0,4300020.0,True
/home/ec2-user/ndvi_sqs_work/ningxia/raw/HLS-VI.S30.T48SXJ.2018350T035149.v2.0.NDVI.tif,HLS-VI.S30.T48SXJ.2018350T035149.v2.0.NDVI.tif,S30,T48SXJ,2018-12-16,2018350,035149,EPSG:32648,600000.0,4290240.0,709800.0,4400040.0,True
/home/ec2-user/ndvi_sqs_work/ningxia/raw/HLS-VI.S30.T48SWG.2018352T034141.v2.0.NDVI.tif,HLS-VI.S30.T48SWG.2018352T034141.v2.0.NDVI.tif,S30,T48SWG,2018-12-18,2018352,034141,EPSG:32648,499980.0,4090200.0,609780.0,4200000.0,True
/home/ec2-user/ndvi_sqs_work/ningxia/raw/HLS-VI.S30.T48SWH.2018352T034141.v2.0.NDVI.tif,HLS-VI.S30.T48SWH.2018352T034141.v2.0.NDVI.tif,S30,T48SWH,2018-12-18,2018352,034141,EPSG:32648,499980.0,4190220.0,609780.0,4300020.0,True
/home/ec2-user/ndvi_sqs_work/ningxia/raw/HLS-VI.S30.T48SWJ.2018352T034141.v2.0.NDVI.tif,HLS-VI.S30.T48SWJ.2018352T034141.v2.0.NDVI.tif,S30,T48SWJ,2018-12-18,2018352,034141,EPSG:32648,499980.0,4290240.0,609780.0,4400040.0,True
/home/ec2-user/ndvi_sqs_work/ningxia/raw/HLS-VI.S30.T48SXG.2018352T034141.v2.0.NDVI.tif,HLS-VI.S30.T48SXG.2018352T034141.v2.0.NDVI.tif,S30,T48SXG,2018-12-18,2018352,034141,EPSG:32648,600000.0,4090200.0,709800.0,4200000.0,True
/home/ec2-user/ndvi_sqs_work/ningxia/raw/HLS-VI.S30.T48SXH.2018352T034141.v2.0.NDVI.tif,HLS-VI.S30.T48SXH.2018352T034141.v2.0.NDVI.tif,S30,T48SXH,2018-12-18,2018352,034141,EPSG:32648,600000.0,4190220.0,709800.0,4300020.0,True
/home/ec2-user/ndvi_sqs_work/ningxia/raw/HLS-VI.S30.T48SXJ.2018352T034141.v2.0.NDVI.tif,HLS-VI.S30.T48SXJ.2018352T034141.v2.0.NDVI.tif,S30,T48SXJ,2018-12-18,2018352,034141,EPSG:32648,600000.0,4290240.0,709800.0,4400040.0,True
/home/ec2-user/ndvi_sqs_work/ningxia/raw/HLS-VI.S30.T48SYG.2018352T034141.v2.0.NDVI.tif,HLS-VI.S30.T48SYG.2018352T034141.v2.0.NDVI.tif,S30,T48SYG,2018-12-18,2018352,034141,EPSG:32648,699960.0,4090200.0,809760.0,4200000.0,True
/home/ec2-user/ndvi_sqs_work/ningxia/raw/HLS-VI.S30.T48SYH.2018352T034141.v2.0.NDVI.tif,HLS-VI.S30.T48SYH.2018352T034141.v2.0.NDVI.tif,S30,T48SYH,2018-12-18,2018352,034141,EPSG:32648,699960.0,4190220.0,809760.0,4300020.0,True
/home/ec2-user/ndvi_sqs_work/ningxia/raw/HLS-VI.S30.T48SYG.2018357T034149.v2.0.NDVI.tif,HLS-VI.S30.T48SYG.2018357T034149.v2.0.NDVI.tif,S30,T48SYG,2018-12-23,2018357,034149,EPSG:32648,699960.0,4090200.0,809760.0,4200000.0,True
/home/ec2-user/ndvi_sqs_work/ningxia/raw/HLS-VI.S30.T48SVG.2018360T035149.v2.0.NDVI.tif,HLS-VI.S30.T48SVG.2018360T035149.v2.0.NDVI.tif,S30,T48SVG,2018-12-26,2018360,035149,EPSG:32648,399960.0,4090200.0,509760.0,4200000.0,True
/home/ec2-user/ndvi_sqs_work/ningxia/raw/HLS-VI.S30.T48SWE.2018360T035149.v2.0.NDVI.tif,HLS-VI.S30.T48SWE.2018360T035149.v2.0.NDVI.tif,S30,T48SWE,2018-12-26,2018360,035149,EPSG:32648,499980.0,3890220.0,609780.0,4000020.0,True
/home/ec2-user/ndvi_sqs_work/ningxia/raw/HLS-VI.S30.T48SVG.2018365T035141.v2.0.NDVI.tif,HLS-VI.S30.T48SVG.2018365T035141.v2.0.NDVI.tif,S30,T48SVG,2018-12-31,2018365,035141,EPSG:32648,399960.0,4090200.0,509760.0,4200000.0,True
/home/ec2-user/ndvi_sqs_work/ningxia/raw/HLS-VI.S30.T48SWG.2018365T035141.v2.0.NDVI.tif,HLS-VI.S30.T48SWG.2018365T035141.v2.0.NDVI.tif,S30,T48SWG,2018-12-31,2018365,035141,EPSG:32648,499980.0,4090200.0,609780.0,4200000.0,True
/home/ec2-user/ndvi_sqs_work/ningxia/raw/HLS-VI.S30.T48SWH.2018365T035141.v2.0.NDVI.tif,HLS-VI.S30.T48SWH.2018365T035141.v2.0.NDVI.tif,S30,T48SWH,2018-12-31,2018365,035141,EPSG:32648,499980.0,4190220.0,609780.0,4300020.0,True
/home/ec2-user/ndvi_sqs_work/ningxia/raw/HLS-VI.S30.T48SXG.2018365T035141.v2.0.NDVI.tif,HLS-VI.S30.T48SXG.2018365T035141.v2.0.NDVI.tif,S30,T48SXG,2018-12-31,2018365,035141,EPSG:32648,600000.0,4090200.0,709800.0,4200000.0,True
/home/ec2-user/ndvi_sqs_work/ningxia/raw/HLS-VI.S30.T48SXH.2018365T035141.v2.0.NDVI.tif,HLS-VI.S30.T48SXH.2018365T035141.v2.0.NDVI.tif,S30,T48SXH,2018-12-31,2018365,035141,EPSG:32648,600000.0,4190220.0,709800.0,4300020.0,True
/home/ec2-user/ndvi_sqs_work/ningxia/raw/HLS-VI.S30.T48SXJ.2018365T035141.v2.0.NDVI.tif,HLS-VI.S30.T48SXJ.2018365T035141.v2.0.NDVI.tif,S30,T48SXJ,2018-12-31,2018365,035141,EPSG:32648,600000.0,4290240.0,709800.0,4400040.0,True
