worker,province,manifest_file,ndvi_links
worker_01,Gansu,gansu_ndvi_s3.txt,2523
worker_01,Sichuan,sichuan_ndvi_s3.txt,702
worker_01,Jilin,jilin_ndvi_s3.txt,434
worker_01,Jiangxi,jiangxi_ndvi_s3.txt,288
worker_01,Henan,henan_ndvi_s3.txt,198
worker_01,Jiangsu,jiangsu_ndvi_s3.txt,147
worker_01,Tianjin,tianjing_ndvi_s3.txt,38
worker_01,Shanghai,shanghai_ndvi_s3.txt,14
worker_02,Inner Mongolia,neimenggu_ndvi_s3.txt,3267
worker_02,Ningxia,ningxia_ndvi_s3.txt,438
worker_02,Hunan,hunan_ndvi_s3.txt,256
worker_02,Shandong,shandong_ndvi_s3.txt,216
worker_02,Fujian,fujian_ndvi_s3.txt,167
worker_03,Xinjiang,xinjiang_ndvi_s3.txt,1775
worker_03,Yunnan,yunnan_ndvi_s3.txt,978
worker_03,Shanxi,sha-nxi_ndvi_s3.txt,476
worker_03,Hubei,hubei_ndvi_s3.txt,445
worker_03,Guangxi,guangxi_ndvi_s3.txt,301
worker_03,Anhui,anhui_ndvi_s3.txt,154
worker_03,Chongqing,chongqing_ndvi_s3.txt,143
worker_03,Beijing,beijing_ndvi_s3.txt,73
worker_04,Heilongjiang,heilongjiang_ndvi_s3.txt,1359
worker_04,Shaanxi,shanxi_ndvi_s3.txt,1128
worker_04,Qinghai,qinghai_ndvi_s3.txt,923
worker_04,Guangdong,guangdong_ndvi_s3.txt,330
worker_04,Guizhou,guizhou_ndvi_s3.txt,204
worker_04,Zhejiang,zhejiang_ndvi_s3.txt,201
worker_04,Hebei,hebei_ndvi_s3.txt,100
worker_04,Liaoning,liaoning_ndvi_s3.txt,100
