date,n_tiles,tiles,n_crs_groups,crs_groups,n_chunks_processed,n_chunks_with_valid_pixels,mean_ndvi,sd_ndvi,n_valid_pixels,n_inside_pixels,valid_pixel_coverage,per_crs_debug,files
2018-10-28,1,T50SKH,1,EPSG:32650,4,3,0.36512008161455706,0.15823202171735012,3803509,10376570,0.36654780915080803,EPSG:32650:1files:3803509valid:4chunks,HLS-VI.S30.T50SKH.2018301T031829.v2.0.NDVI.tif
2018-10-29,4,"T50SQJ,T50TPK,T50TQK,T51TTE",2,"EPSG:32650,EPSG:32651",9,8,0.3488822363774752,0.15189901704666717,10807032,19732697,0.5476713091981293,EPSG:32650:3files:8613887valid:7chunks|EPSG:32651:1files:2193145valid:2chunks,HLS-VI.S30.T50SQJ.2018302T024819.v2.0.NDVI.tif|HLS-VI.S30.T50TPK.2018302T024819.v2.0.NDVI.tif|HLS-VI.S30.T50TQK.2018302T024819.v2.0.NDVI.tif|HLS-VI.S30.T51TTE.2018302T024819.v2.0.NDVI.tif
2018-10-30,7,"T49SGC,T50SKG,T50SKH,T50SLG,T50SLH,T50TNL,T50TNN",2,"EPSG:32649,EPSG:32650",33,32,0.3121062239052927,0.1288219355520778,56554095,90978299,0.6216218111530092,EPSG:32649:1files:7225320valid:4chunks|EPSG:32650:6files:49328775valid:29chunks,HLS-VI.S30.T49SGC.2018303T030831.v2.0.NDVI.tif|HLS-VI.S30.T50SKG.2018303T030831.v2.0.NDVI.tif|HLS-VI.S30.T50SKH.2018303T030831.v2.0.NDVI.tif|HLS-VI.S30.T50SLG.2018303T030831.v2.0.NDVI.tif|HLS-VI.S30.T50SLH.2018303T030831.v2.0.NDVI.tif|HLS-VI.S30.T50TNL.2018303T030831.v2.0.NDVI.tif|HLS-VI.S30.T50TNN.2018303T030831.v2.0.NDVI.tif
2018-11-01,8,"T50SNG,T50SQJ,T50TML,T50TNK,T50TNL,T50TPK,T50TQK,T51TTE",2,"EPSG:32650,EPSG:32651",26,22,0.3410963335012691,0.13324543303290773,37566743,60034206,0.6257556400429448,EPSG:32650:7files:35443436valid:24chunks|EPSG:32651:1files:2123307valid:2chunks,HLS-VI.S30.T50SNG.2018305T025839.v2.0.NDVI.tif|HLS-VI.S30.T50SQJ.2018305T025839.v2.0.NDVI.tif|HLS-VI.S30.T50TML.2018305T025839.v2.0.NDVI.tif|HLS-VI.S30.T50TNK.2018305T025839.v2.0.NDVI.tif|HLS-VI.S30.T50TNL.2018305T025839.v2.0.NDVI.tif|HLS-VI.S30.T50TPK.2018305T025839.v2.0.NDVI.tif|HLS-VI.S30.T50TQK.2018305T025839.v2.0.NDVI.tif|HLS-VI.S30.T51TTE.2018305T025839.v2.0.NDVI.tif
2018-11-02,2,"T49TGE,T50TKK",2,"EPSG:32649,EPSG:32650",8,8,0.22847065123627555,0.06103096758355546,6305742,6613589,0.9534523539336962,EPSG:32649:1files:2561558valid:4chunks|EPSG:32650:1files:3744184valid:4chunks,HLS-VI.S30.T49TGE.2018306T031901.v2.0.NDVI.tif|HLS-VI.S30.T50TKK.2018306T031901.v2.0.NDVI.tif
2018-11-03,4,"T50SPJ,T50SQJ,T50TPL,T50TQL",1,EPSG:32650,9,7,0.3284174519594686,0.11306454881177895,4053009,18788101,0.21572212114465428,EPSG:32650:4files:4053009valid:9chunks,HLS-VI.S30.T50SPJ.2018307T024851.v2.0.NDVI.tif|HLS-VI.S30.T50SQJ.2018307T024851.v2.0.NDVI.tif|HLS-VI.S30.T50TPL.2018307T024851.v2.0.NDVI.tif|HLS-VI.S30.T50TQL.2018307T024851.v2.0.NDVI.tif
2018-11-09,5,"T49SGC,T49TGE,T50SLJ,T50TKK,T50TLL",2,"EPSG:32649,EPSG:32650",28,27,0.27449563463836296,0.10213227354815929,39739671,51766016,0.7676787605211882,EPSG:32649:2files:9772174valid:10chunks|EPSG:32650:3files:29967497valid:18chunks,HLS-VI.S30.T49SGC.2018313T030931.v2.0.NDVI.tif|HLS-VI.S30.T49TGE.2018313T030931.v2.0.NDVI.tif|HLS-VI.S30.T50SLJ.2018313T030931.v2.0.NDVI.tif|HLS-VI.S30.T50TKK.2018313T030931.v2.0.NDVI.tif|HLS-VI.S30.T50TLL.2018313T030931.v2.0.NDVI.tif
2018-11-11,1,T51TTF,1,EPSG:32651,1,1,0.3234164937119381,0.1234523412577624,239009,239117,0.9995483382611859,EPSG:32651:1files:239009valid:1chunks,HLS-VI.S30.T51TTF.2018315T025939.v2.0.NDVI.tif
2018-11-12,3,"T49TGE,T50SKJ,T50TKK",2,"EPSG:32649,EPSG:32650",12,12,0.24293553751689617,0.08069559186914566,9251770,12259584,0.7546561123118044,EPSG:32649:1files:2559831valid:4chunks|EPSG:32650:2files:6691939valid:8chunks,HLS-VI.S30.T49TGE.2018316T031951.v2.0.NDVI.tif|HLS-VI.S30.T50SKJ.2018316T031951.v2.0.NDVI.tif|HLS-VI.S30.T50TKK.2018316T031951.v2.0.NDVI.tif
2018-11-16,2,"T50SMH,T50TPK",1,EPSG:32650,12,12,0.28067018818684797,0.12594029109930796,25647254,32655360,0.7853918621629037,EPSG:32650:2files:25647254valid:12chunks,HLS-VI.S30.T50SMH.2018320T030001.v2.0.NDVI.tif|HLS-VI.S30.T50TPK.2018320T030001.v2.0.NDVI.tif
2018-11-18,3,"T50TPL,T50TQL,T51TTF",2,"EPSG:32650,EPSG:32651",6,4,0.2891434634373456,0.11049081802016847,1552988,9575091,0.16219041678037316,EPSG:32650:2files:1315064valid:5chunks|EPSG:32651:1files:237924valid:1chunks,HLS-VI.S30.T50TPL.2018322T025009.v2.0.NDVI.tif|HLS-VI.S30.T50TQL.2018322T025009.v2.0.NDVI.tif|HLS-VI.S30.T51TTF.2018322T025009.v2.0.NDVI.tif
2018-11-19,5,"T49SGB,T49SGD,T49TGE,T50SKF,T50TKK",2,"EPSG:32649,EPSG:32650",22,22,0.26449293453068906,0.11272342537069867,23408279,33348166,0.7019360225087041,EPSG:32649:3files:11391700valid:14chunks|EPSG:32650:2files:12016579valid:8chunks,HLS-VI.S30.T49SGB.2018323T031011.v2.0.NDVI.tif|HLS-VI.S30.T49SGD.2018323T031011.v2.0.NDVI.tif|HLS-VI.S30.T49TGE.2018323T031011.v2.0.NDVI.tif|HLS-VI.S30.T50SKF.2018323T031011.v2.0.NDVI.tif|HLS-VI.S30.T50TKK.2018323T031011.v2.0.NDVI.tif
2018-11-21,1,T50TNK,1,EPSG:32650,4,4,0.29701169644136366,0.12653284656128136,7978172,8290651,0.9623094736468825,EPSG:32650:1files:7978172valid:4chunks,HLS-VI.S30.T50TNK.2018325T030019.v2.0.NDVI.tif
2018-11-22,3,"T49SGC,T49TGE,T50TKK",2,"EPSG:32649,EPSG:32650",14,11,0.23092244587415456,0.09907695953590649,10292730,15007892,0.6858211666235338,EPSG:32649:2files:6472239valid:10chunks|EPSG:32650:1files:3820491valid:4chunks,HLS-VI.S30.T49SGC.2018326T032031.v2.0.NDVI.tif|HLS-VI.S30.T49TGE.2018326T032031.v2.0.NDVI.tif|HLS-VI.S30.T50TKK.2018326T032031.v2.0.NDVI.tif
2018-11-24,7,"T49SGD,T50TLK,T50TLL,T50TLM,T50TML,T50TMM,T50TNL",2,"EPSG:32649,EPSG:32650",30,27,0.26452303390745896,0.09372711356773901,51223548,68460822,0.7482169583064603,EPSG:32649:1files:3658758valid:4chunks|EPSG:32650:6files:47564790valid:26chunks,HLS-VI.S30.T49SGD.2018328T031039.v2.0.NDVI.tif|HLS-VI.S30.T50TLK.2018328T031039.v2.0.NDVI.tif|HLS-VI.S30.T50TLL.2018328T031039.v2.0.NDVI.tif|HLS-VI.S30.T50TLM.2018328T031039.v2.0.NDVI.tif|HLS-VI.S30.T50TML.2018328T031039.v2.0.NDVI.tif|HLS-VI.S30.T50TMM.2018328T031039.v2.0.NDVI.tif|HLS-VI.S30.T50TNL.2018328T031039.v2.0.NDVI.tif
2018-11-27,4,"T49TGE,T50TKK,T50TLK,T50TLL",2,"EPSG:32649,EPSG:32650",18,12,0.20201484465488578,0.05970262669599014,12490115,32932535,0.3792636977384219,EPSG:32649:1files:2568571valid:4chunks|EPSG:32650:3files:9921544valid:14chunks,HLS-VI.S30.T49TGE.2018331T032049.v2.0.NDVI.tif|HLS-VI.S30.T50TKK.2018331T032049.v2.0.NDVI.tif|HLS-VI.S30.T50TLK.2018331T032049.v2.0.NDVI.tif|HLS-VI.S30.T50TLL.2018331T032049.v2.0.NDVI.tif
2018-11-29,6,"T49TGE,T50TKK,T50TLK,T50TLL,T50TML,T50TMM",2,"EPSG:32649,EPSG:32650",30,30,0.25093515093649377,0.08824717682019054,43340353,53127135,0.8157856244271406,EPSG:32649:1files:2561062valid:4chunks|EPSG:32650:5files:40779291valid:26chunks,HLS-VI.S30.T49TGE.2018333T031051.v2.0.NDVI.tif|HLS-VI.S30.T50TKK.2018333T031051.v2.0.NDVI.tif|HLS-VI.S30.T50TLK.2018333T031051.v2.0.NDVI.tif|HLS-VI.S30.T50TLL.2018333T031051.v2.0.NDVI.tif|HLS-VI.S30.T50TML.2018333T031051.v2.0.NDVI.tif|HLS-VI.S30.T50TMM.2018333T031051.v2.0.NDVI.tif
2018-12-01,3,"T50TNM,T50TQL,T51TTF",2,"EPSG:32650,EPSG:32651",8,6,0.30200554159959625,0.11633187771331789,12510771,15448630,0.8098304509849741,EPSG:32650:2files:12272546valid:7chunks|EPSG:32651:1files:238225valid:1chunks,HLS-VI.S30.T50TNM.2018335T030059.v2.0.NDVI.tif|HLS-VI.S30.T50TQL.2018335T030059.v2.0.NDVI.tif|HLS-VI.S30.T51TTF.2018335T030059.v2.0.NDVI.tif
2018-12-04,2,"T50SLG,T50SMH",1,EPSG:32650,11,10,0.2922031358195722,0.12921696566838753,22135739,34719055,0.6375674395515661,EPSG:32650:2files:22135739valid:11chunks,HLS-VI.S30.T50SLG.2018338T031109.v2.0.NDVI.tif|HLS-VI.S30.T50SMH.2018338T031109.v2.0.NDVI.tif
2018-12-11,3,"T50SLF,T50SLG,T50SMG",1,EPSG:32650,10,9,0.33166828487230626,0.13608423263265448,10105294,22465581,0.4498122706018598,EPSG:32650:3files:10105294valid:10chunks,HLS-VI.S30.T50SLF.2018345T030119.v2.0.NDVI.tif|HLS-VI.S30.T50SLG.2018345T030119.v2.0.NDVI.tif|HLS-VI.S30.T50SMG.2018345T030119.v2.0.NDVI.tif
2018-12-13,4,"T50SQJ,T50TPK,T50TQL,T51TTF",2,"EPSG:32650,EPSG:32651",10,7,0.2578633439997754,0.12763422014088682,6560886,22801008,0.2877454365175434,EPSG:32650:3files:6323113valid:9chunks|EPSG:32651:1files:237773valid:1chunks,HLS-VI.S30.T50SQJ.2018347T025111.v2.0.NDVI.tif|HLS-VI.S30.T50TPK.2018347T025111.v2.0.NDVI.tif|HLS-VI.S30.T50TQL.2018347T025111.v2.0.NDVI.tif|HLS-VI.S30.T51TTF.2018347T025111.v2.0.NDVI.tif
2018-12-14,2,"T50SMH,T50TNL",1,EPSG:32650,12,10,0.2440185398940138,0.10766594303987588,15476598,35913736,0.4309381235079525,EPSG:32650:2files:15476598valid:12chunks,HLS-VI.S30.T50SMH.2018348T031129.v2.0.NDVI.tif|HLS-VI.S30.T50TNL.2018348T031129.v2.0.NDVI.tif
2018-12-16,4,"T50SMH,T50SQJ,T50TML,T50TNL",1,EPSG:32650,17,13,0.26445574301270497,0.11205459817699111,26787743,50329151,0.5322510407536976,EPSG:32650:4files:26787743valid:17chunks,HLS-VI.S30.T50SMH.2018350T030121.v2.0.NDVI.tif|HLS-VI.S30.T50SQJ.2018350T030121.v2.0.NDVI.tif|HLS-VI.S30.T50TML.2018350T030121.v2.0.NDVI.tif|HLS-VI.S30.T50TNL.2018350T030121.v2.0.NDVI.tif
2018-12-17,2,"T49SGA,T50TLL",2,"EPSG:32649,EPSG:32650",8,4,0.22547667858380216,0.0749276862378399,5859959,18300603,0.3202057877546439,EPSG:32649:1files:194176valid:4chunks|EPSG:32650:1files:5665783valid:4chunks,HLS-VI.S30.T49SGA.2018351T032129.v2.0.NDVI.tif|HLS-VI.S30.T50TLL.2018351T032129.v2.0.NDVI.tif
2018-12-18,4,"T50SQJ,T50TPK,T50TPL,T50TQL",1,EPSG:32650,10,7,0.24594764672428268,0.1270551761354043,6917876,26067858,0.26537953367706696,EPSG:32650:4files:6917876valid:10chunks,HLS-VI.S30.T50SQJ.2018352T025119.v2.0.NDVI.tif|HLS-VI.S30.T50TPK.2018352T025119.v2.0.NDVI.tif|HLS-VI.S30.T50TPL.2018352T025119.v2.0.NDVI.tif|HLS-VI.S30.T50TQL.2018352T025119.v2.0.NDVI.tif
2018-12-21,4,"T50TML,T50TNK,T50TQL,T51TTF",2,"EPSG:32650,EPSG:32651",16,13,0.2665554295878249,0.11302811498286633,11129059,34634290,0.32133065236792785,EPSG:32650:3files:10918982valid:15chunks|EPSG:32651:1files:210077valid:1chunks,HLS-VI.S30.T50TML.2018355T030129.v2.0.NDVI.tif|HLS-VI.S30.T50TNK.2018355T030129.v2.0.NDVI.tif|HLS-VI.S30.T50TQL.2018355T030129.v2.0.NDVI.tif|HLS-VI.S30.T51TTF.2018355T030129.v2.0.NDVI.tif
2018-12-24,1,T50SMH,1,EPSG:32650,4,4,0.21519172727910235,0.0946596605690468,9399880,13142961,0.7152026092141641,EPSG:32650:1files:9399880valid:4chunks,HLS-VI.S30.T50SMH.2018358T031129.v2.0.NDVI.tif
2018-12-26,3,"T50TML,T50TNK,T50TNL",1,EPSG:32650,14,12,0.2798711768866106,0.11893663342392642,20886553,29048888,0.7190138569159686,EPSG:32650:3files:20886553valid:14chunks,HLS-VI.S30.T50TML.2018360T030121.v2.0.NDVI.tif|HLS-VI.S30.T50TNK.2018360T030121.v2.0.NDVI.tif|HLS-VI.S30.T50TNL.2018360T030121.v2.0.NDVI.tif
2018-12-31,2,"T50SMG,T50TML",1,EPSG:32650,9,7,0.29600691813819763,0.11025948989115404,6986847,17997399,0.3882142636277609,EPSG:32650:2files:6986847valid:9chunks,HLS-VI.S30.T50SMG.2018365T030129.v2.0.NDVI.tif|HLS-VI.S30.T50TML.2018365T030129.v2.0.NDVI.tif
