date,n_tiles,tiles,n_crs_groups,crs_groups,mean_ndvi,sd_ndvi,n_valid_pixels,per_crs_debug,files
2018-01-05,4,"T50SLE,T50SLG,T50SMG,T50SMH",1,EPSG:32650,0.29824012896038,0.1591098020932308,15341611,EPSG:32650:4files:15341611valid,HLS-VI.S30.T50SLE.2018005T030109.v2.0.NDVI.tif|HLS-VI.S30.T50SLG.2018005T030109.v2.0.NDVI.tif|HLS-VI.S30.T50SMG.2018005T030109.v2.0.NDVI.tif|HLS-VI.S30.T50SMH.2018005T030109.v2.0.NDVI.tif
2018-01-08,3,"T50SLF,T50SLG,T50SMG",1,EPSG:32650,0.3036164019453926,0.10685723383540026,6636603,EPSG:32650:3files:6636603valid,HLS-VI.S30.T50SLF.2018008T031109.v2.0.NDVI.tif|HLS-VI.S30.T50SLG.2018008T031109.v2.0.NDVI.tif|HLS-VI.S30.T50SMG.2018008T031109.v2.0.NDVI.tif
2018-01-09,2,"T50SQE,T51STV",2,"EPSG:32650,EPSG:32651",0.09715979500697566,0.22088954128472318,142639,EPSG:32650:1files:65238valid|EPSG:32651:1files:77401valid,HLS-VI.S30.T50SQE.2018009T024049.v2.0.NDVI.tif|HLS-VI.S30.T51STV.2018009T024049.v2.0.NDVI.tif
2018-01-12,3,"T50SNF,T50SNG,T51STV",2,"EPSG:32650,EPSG:32651",0.24606480588276072,0.12770158243018961,8397554,EPSG:32650:2files:6465863valid|EPSG:32651:1files:1931691valid,HLS-VI.S30.T50SNF.2018012T025049.v2.0.NDVI.tif|HLS-VI.S30.T50SNG.2018012T025049.v2.0.NDVI.tif|HLS-VI.S30.T51STV.2018012T025049.v2.0.NDVI.tif
2018-01-19,1,T50SQF,1,EPSG:32650,0.1876276685282666,0.13504423548425817,1346154,EPSG:32650:1files:1346154valid,HLS-VI.S30.T50SQF.2018019T024019.v2.0.NDVI.tif
2018-01-29,1,T50SQE,1,EPSG:32650,0.07912192834255756,0.17358194745130828,68660,EPSG:32650:1files:68660valid,HLS-VI.S30.T50SQE.2018029T023939.v2.0.NDVI.tif
2018-02-01,3,"T51STC,T51SUA,T51SUC",1,EPSG:32651,0.22207501494419435,0.1282780743551339,2382196,EPSG:32651:3files:2382196valid,HLS-VI.S30.T51STC.2018032T024929.v2.0.NDVI.tif|HLS-VI.S30.T51SUA.2018032T024929.v2.0.NDVI.tif|HLS-VI.S30.T51SUC.2018032T024929.v2.0.NDVI.tif
2018-02-02,1,T50SLG,1,EPSG:32650,0.2598638734024917,0.082672490925781,285914,EPSG:32650:1files:285914valid,HLS-VI.S30.T50SLG.2018033T030931.v2.0.NDVI.tif
2018-02-03,2,"T50SQE,T51STV",2,"EPSG:32650,EPSG:32651",0.11080012929274599,0.16486698648510556,132258,EPSG:32650:1files:58674valid|EPSG:32651:1files:73584valid,HLS-VI.S30.T50SQE.2018034T023911.v2.0.NDVI.tif|HLS-VI.S30.T51STV.2018034T023911.v2.0.NDVI.tif
2018-02-04,8,"T50SLD,T50SLE,T50SLG,T50SMG,T50SMH,T50SND,T50SNF,T50SPH",1,EPSG:32650,0.25987325237537223,0.14042107060663298,39949211,EPSG:32650:8files:39949211valid,HLS-VI.S30.T50SLD.2018035T025919.v2.0.NDVI.tif|HLS-VI.S30.T50SLE.2018035T025919.v2.0.NDVI.tif|HLS-VI.S30.T50SLG.2018035T025919.v2.0.NDVI.tif|HLS-VI.S30.T50SMG.2018035T025919.v2.0.NDVI.tif|HLS-VI.S30.T50SMH.2018035T025919.v2.0.NDVI.tif|HLS-VI.S30.T50SND.2018035T025919.v2.0.NDVI.tif|HLS-VI.S30.T50SNF.2018035T025919.v2.0.NDVI.tif|HLS-VI.S30.T50SPH.2018035T025919.v2.0.NDVI.tif
2018-02-07,5,"T50SLD,T50SLE,T50SLG,T50SMF,T50SMG",1,EPSG:32650,0.28081923271114,0.1267285357371673,10408075,EPSG:32650:5files:10408075valid,HLS-VI.S30.T50SLD.2018038T030859.v2.0.NDVI.tif|HLS-VI.S30.T50SLE.2018038T030859.v2.0.NDVI.tif|HLS-VI.S30.T50SLG.2018038T030859.v2.0.NDVI.tif|HLS-VI.S30.T50SMF.2018038T030859.v2.0.NDVI.tif|HLS-VI.S30.T50SMG.2018038T030859.v2.0.NDVI.tif
2018-02-11,3,"T50SNE,T50SPE,T51STV",2,"EPSG:32650,EPSG:32651",0.20793209027447426,0.08569145029735582,21404323,EPSG:32650:2files:19379324valid|EPSG:32651:1files:2024999valid,HLS-VI.S30.T50SNE.2018042T024829.v2.0.NDVI.tif|HLS-VI.S30.T50SPE.2018042T024829.v2.0.NDVI.tif|HLS-VI.S30.T51STV.2018042T024829.v2.0.NDVI.tif
2018-02-12,1,T50SLG,1,EPSG:32650,0.237513121833297,0.07457758716219173,284602,EPSG:32650:1files:284602valid,HLS-VI.S30.T50SLG.2018043T030831.v2.0.NDVI.tif
2018-02-13,6,"T50SQE,T51STC,T51STV,T51SUA,T51SUC,T51SVA",2,"EPSG:32650,EPSG:32651",0.1866559779069526,0.12707132828287623,4374951,EPSG:32650:1files:69067valid|EPSG:32651:5files:4305884valid,HLS-VI.S30.T50SQE.2018044T023821.v2.0.NDVI.tif|HLS-VI.S30.T51STC.2018044T023821.v2.0.NDVI.tif|HLS-VI.S30.T51STV.2018044T023821.v2.0.NDVI.tif|HLS-VI.S30.T51SUA.2018044T023821.v2.0.NDVI.tif|HLS-VI.S30.T51SUC.2018044T023821.v2.0.NDVI.tif|HLS-VI.S30.T51SVA.2018044T023821.v2.0.NDVI.tif
2018-02-16,3,"T50SNG,T50SPH,T51STC",2,"EPSG:32650,EPSG:32651",0.15034292371428282,0.16305425003937996,3604292,EPSG:32650:2files:3604292valid|EPSG:32651:1files:0valid,HLS-VI.S30.T50SNG.2018047T024801.v2.0.NDVI.tif|HLS-VI.S30.T50SPH.2018047T024801.v2.0.NDVI.tif|HLS-VI.S30.T51STC.2018047T024801.v2.0.NDVI.tif
2018-02-23,1,T51STC,1,EPSG:32651,-0.8377693877551021,0.11740948090229991,49,EPSG:32651:1files:49valid,HLS-VI.S30.T51STC.2018054T023711.v2.0.NDVI.tif
2018-03-05,3,"T51STC,T51SUB,T51SUC",1,EPSG:32651,0.21068340416387596,0.1655997171569594,8334446,EPSG:32651:3files:8334446valid,HLS-VI.S30.T51STC.2018064T023601.v2.0.NDVI.tif|HLS-VI.S30.T51SUB.2018064T023601.v2.0.NDVI.tif|HLS-VI.S30.T51SUC.2018064T023601.v2.0.NDVI.tif
2018-03-10,2,"T50SQE,T51STV",2,"EPSG:32650,EPSG:32651",0.07671004850438012,0.1999268822802564,122257,EPSG:32650:1files:58110valid|EPSG:32651:1files:64147valid,HLS-VI.S30.T50SQE.2018069T023539.v2.0.NDVI.tif|HLS-VI.S30.T51STV.2018069T023539.v2.0.NDVI.tif
2018-03-13,10,"T50SND,T50SQD,T50SQE,T50SQF,T51STA,T51STC,T51STV,T51SUA,T51SUB,T51SUC",2,"EPSG:32650,EPSG:32651",0.25115980257873516,0.12532654786808692,43007525,EPSG:32650:4files:23288778valid|EPSG:32651:6files:19718747valid,HLS-VI.S30.T50SND.2018072T024539.v2.0.NDVI.tif|HLS-VI.S30.T50SQD.2018072T024539.v2.0.NDVI.tif|HLS-VI.S30.T50SQE.2018072T024539.v2.0.NDVI.tif|HLS-VI.S30.T50SQF.2018072T024539.v2.0.NDVI.tif|HLS-VI.S30.T51STA.2018072T024539.v2.0.NDVI.tif|HLS-VI.S30.T51STC.2018072T024539.v2.0.NDVI.tif|HLS-VI.S30.T51STV.2018072T024539.v2.0.NDVI.tif|HLS-VI.S30.T51SUA.2018072T024539.v2.0.NDVI.tif|HLS-VI.S30.T51SUB.2018072T024539.v2.0.NDVI.tif|HLS-VI.S30.T51SUC.2018072T024539.v2.0.NDVI.tif
2018-03-16,5,"T50SLG,T50SMG,T50SMH,T50SNF,T50SPH",1,EPSG:32650,0.25460205497096877,0.15471276410940993,23845787,EPSG:32650:5files:23845787valid,HLS-VI.S30.T50SLG.2018075T025539.v2.0.NDVI.tif|HLS-VI.S30.T50SMG.2018075T025539.v2.0.NDVI.tif|HLS-VI.S30.T50SMH.2018075T025539.v2.0.NDVI.tif|HLS-VI.S30.T50SNF.2018075T025539.v2.0.NDVI.tif|HLS-VI.S30.T50SPH.2018075T025539.v2.0.NDVI.tif
2018-03-23,1,T51STV,1,EPSG:32651,0.2541467476594405,0.10446785301677766,1918772,EPSG:32651:1files:1918772valid,HLS-VI.S30.T51STV.2018082T024539.v2.0.NDVI.tif
2018-03-25,6,"T50SQE,T50SQF,T51STC,T51STV,T51SUC,T51SVA",2,"EPSG:32650,EPSG:32651",0.2359874229874473,0.13821070308135086,1828598,EPSG:32650:2files:1306222valid|EPSG:32651:4files:522376valid,HLS-VI.S30.T50SQE.2018084T023651.v2.0.NDVI.tif|HLS-VI.S30.T50SQF.2018084T023651.v2.0.NDVI.tif|HLS-VI.S30.T51STC.2018084T023651.v2.0.NDVI.tif|HLS-VI.S30.T51STV.2018084T023651.v2.0.NDVI.tif|HLS-VI.S30.T51SUC.2018084T023651.v2.0.NDVI.tif|HLS-VI.S30.T51SVA.2018084T023651.v2.0.NDVI.tif
2018-03-26,2,"T50SNG,T50SPG",1,EPSG:32650,0.2726096179847971,0.17206342605218886,20613944,EPSG:32650:2files:20613944valid,HLS-VI.S30.T50SNG.2018085T025539.v2.0.NDVI.tif|HLS-VI.S30.T50SPG.2018085T025539.v2.0.NDVI.tif
2018-03-30,1,T51SUC,1,EPSG:32651,-0.9597177715091679,0.09310195862938933,2127,EPSG:32651:1files:2127valid,HLS-VI.S30.T51SUC.2018089T023549.v2.0.NDVI.tif
2018-04-02,1,T51STC,1,EPSG:32651,-0.8381669136717304,0.12006735948378662,5398,EPSG:32651:1files:5398valid,HLS-VI.S30.T51STC.2018092T024539.v2.0.NDVI.tif
2018-04-04,1,T51SUC,1,EPSG:32651,-0.9749226537216829,0.045222760451579094,309,EPSG:32651:1files:309valid,HLS-VI.S30.T51SUC.2018094T023551.v2.0.NDVI.tif
2018-04-07,7,"T50SPG,T50SPH,T50SQD,T50SQE,T51STC,T51STV,T51SUC",2,"EPSG:32650,EPSG:32651",0.21504420872713922,0.23905458297122412,19725983,EPSG:32650:4files:17643400valid|EPSG:32651:3files:2082583valid,HLS-VI.S30.T50SPG.2018097T024551.v2.0.NDVI.tif|HLS-VI.S30.T50SPH.2018097T024551.v2.0.NDVI.tif|HLS-VI.S30.T50SQD.2018097T024551.v2.0.NDVI.tif|HLS-VI.S30.T50SQE.2018097T024551.v2.0.NDVI.tif|HLS-VI.S30.T51STC.2018097T024551.v2.0.NDVI.tif|HLS-VI.S30.T51STV.2018097T024551.v2.0.NDVI.tif|HLS-VI.S30.T51SUC.2018097T024551.v2.0.NDVI.tif
2018-04-08,2,"T50SLF,T50SLG",1,EPSG:32650,0.5063834824923998,0.18287735637266775,4572300,EPSG:32650:2files:4572300valid,HLS-VI.S30.T50SLF.2018098T030539.v2.0.NDVI.tif|HLS-VI.S30.T50SLG.2018098T030539.v2.0.NDVI.tif
2018-04-09,1,T51SUA,1,EPSG:32651,0.23486655690456196,0.11770861337869573,3817954,EPSG:32651:1files:3817954valid,HLS-VI.S30.T51SUA.2018099T023549.v2.0.NDVI.tif
2018-04-17,4,"T50SQG,T51STA,T51STC,T51SUC",2,"EPSG:32650,EPSG:32651",0.3210372073179077,0.20073323755060932,17284667,EPSG:32650:1files:5670633valid|EPSG:32651:3files:11614034valid,HLS-VI.S30.T50SQG.2018107T024551.v2.0.NDVI.tif|HLS-VI.S30.T51STA.2018107T024551.v2.0.NDVI.tif|HLS-VI.S30.T51STC.2018107T024551.v2.0.NDVI.tif|HLS-VI.S30.T51SUC.2018107T024551.v2.0.NDVI.tif
2018-04-18,1,T50SLG,1,EPSG:32650,0.5591762569343883,0.19153751307974518,285894,EPSG:32650:1files:285894valid,HLS-VI.S30.T50SLG.2018108T030539.v2.0.NDVI.tif
2018-04-19,6,"T50SQE,T51STV,T51SUA,T51SUC,T51SVA,T51SVB",2,"EPSG:32650,EPSG:32651",0.2666642174495742,0.15823240971449384,7518212,EPSG:32650:1files:62229valid|EPSG:32651:5files:7455983valid,HLS-VI.S30.T50SQE.2018109T023549.v2.0.NDVI.tif|HLS-VI.S30.T51STV.2018109T023549.v2.0.NDVI.tif|HLS-VI.S30.T51SUA.2018109T023549.v2.0.NDVI.tif|HLS-VI.S30.T51SUC.2018109T023549.v2.0.NDVI.tif|HLS-VI.S30.T51SVA.2018109T023549.v2.0.NDVI.tif|HLS-VI.S30.T51SVB.2018109T023549.v2.0.NDVI.tif
2018-04-20,2,"T50SMH,T50SNE",1,EPSG:32650,0.3871865971149873,0.1725933998900136,13369435,EPSG:32650:2files:13369435valid,HLS-VI.S30.T50SMH.2018110T025551.v2.0.NDVI.tif|HLS-VI.S30.T50SNE.2018110T025551.v2.0.NDVI.tif
2018-04-27,4,"T50SPH,T50SQG,T51STC,T51SUC",2,"EPSG:32650,EPSG:32651",0.24057391880415566,0.30659021791959307,7517232,EPSG:32650:2files:7463949valid|EPSG:32651:2files:53283valid,HLS-VI.S30.T50SPH.2018117T024551.v2.0.NDVI.tif|HLS-VI.S30.T50SQG.2018117T024551.v2.0.NDVI.tif|HLS-VI.S30.T51STC.2018117T024551.v2.0.NDVI.tif|HLS-VI.S30.T51SUC.2018117T024551.v2.0.NDVI.tif
2018-04-28,1,T50SLF,1,EPSG:32650,0.6096997179445957,0.19289165536844927,4472171,EPSG:32650:1files:4472171valid,HLS-VI.S30.T50SLF.2018118T030539.v2.0.NDVI.tif
2018-05-02,1,T50SPH,1,EPSG:32650,0.09599111579501085,0.3251488953461887,1650097,EPSG:32650:1files:1650097valid,HLS-VI.S30.T50SPH.2018122T024549.v2.0.NDVI.tif
2018-05-04,3,"T51STC,T51SUC,T51SVA",1,EPSG:32651,0.29390522530125396,0.2531148604453883,514267,EPSG:32651:3files:514267valid,HLS-VI.S30.T51STC.2018124T023551.v2.0.NDVI.tif|HLS-VI.S30.T51SUC.2018124T023551.v2.0.NDVI.tif|HLS-VI.S30.T51SVA.2018124T023551.v2.0.NDVI.tif
2018-05-08,1,T50SLF,1,EPSG:32650,0.5800956000015249,0.19126814888483948,4458297,EPSG:32650:1files:4458297valid,HLS-VI.S30.T50SLF.2018128T030539.v2.0.NDVI.tif
2018-05-09,3,"T50SQE,T51STV,T51SUA",2,"EPSG:32650,EPSG:32651",0.3507542528534321,0.18704792422154382,3905472,EPSG:32650:1files:63935valid|EPSG:32651:2files:3841537valid,HLS-VI.S30.T50SQE.2018129T023549.v2.0.NDVI.tif|HLS-VI.S30.T51STV.2018129T023549.v2.0.NDVI.tif|HLS-VI.S30.T51SUA.2018129T023549.v2.0.NDVI.tif
2018-05-14,1,T51SUC,1,EPSG:32651,-0.8955109409190372,0.07626499828523886,6855,EPSG:32651:1files:6855valid,HLS-VI.S30.T51SUC.2018134T023551.v2.0.NDVI.tif
2018-05-23,1,T50SLG,1,EPSG:32650,0.5401987103047855,0.16662429035218548,281772,EPSG:32650:1files:281772valid,HLS-VI.S30.T50SLG.2018143T030541.v2.0.NDVI.tif
2018-05-30,1,T50SMH,1,EPSG:32650,0.5177311067251743,0.15340040310840514,156561,EPSG:32650:1files:156561valid,HLS-VI.S30.T50SMH.2018150T025551.v2.0.NDVI.tif
2018-06-01,1,T50SPH,1,EPSG:32650,0.18610147540146948,0.30217276369838075,1489154,EPSG:32650:1files:1489154valid,HLS-VI.S30.T50SPH.2018152T024539.v2.0.NDVI.tif
2018-06-03,2,"T50SQE,T51STV",2,"EPSG:32650,EPSG:32651",0.19045067192379647,0.2764546839091367,134167,EPSG:32650:1files:58496valid|EPSG:32651:1files:75671valid,HLS-VI.S30.T50SQE.2018154T023651.v2.0.NDVI.tif|HLS-VI.S30.T51STV.2018154T023651.v2.0.NDVI.tif
2018-06-04,1,T50SMH,1,EPSG:32650,0.4363918033309529,0.11959349832376102,156832,EPSG:32650:1files:156832valid,HLS-VI.S30.T50SMH.2018155T025539.v2.0.NDVI.tif
2018-07-13,1,T51STC,1,EPSG:32651,-0.9216539923954373,0.14572632996310944,263,EPSG:32651:1files:263valid,HLS-VI.S30.T51STC.2018194T023551.v2.0.NDVI.tif
2018-08-02,4,"T50SQE,T51STC,T51STV,T51SUC",2,"EPSG:32650,EPSG:32651",0.26674448292342773,0.25544375171898315,127631,EPSG:32650:1files:60162valid|EPSG:32651:3files:67469valid,HLS-VI.S30.T50SQE.2018214T023551.v2.0.NDVI.tif|HLS-VI.S30.T51STC.2018214T023551.v2.0.NDVI.tif|HLS-VI.S30.T51STV.2018214T023551.v2.0.NDVI.tif|HLS-VI.S30.T51SUC.2018214T023551.v2.0.NDVI.tif
2018-08-25,1,T50SPH,1,EPSG:32650,0.36755701754090175,0.41455459470923695,1482877,EPSG:32650:1files:1482877valid,HLS-VI.S30.T50SPH.2018237T024551.v2.0.NDVI.tif
2018-09-04,4,"T50SPH,T50SQD,T51STC,T51SUC",2,"EPSG:32650,EPSG:32651",0.31190354539195203,0.43017582829883044,1622303,EPSG:32650:2files:1571220valid|EPSG:32651:2files:51083valid,HLS-VI.S30.T50SPH.2018247T024541.v2.0.NDVI.tif|HLS-VI.S30.T50SQD.2018247T024541.v2.0.NDVI.tif|HLS-VI.S30.T51STC.2018247T024541.v2.0.NDVI.tif|HLS-VI.S30.T51SUC.2018247T024541.v2.0.NDVI.tif
2018-09-07,1,T50SPH,1,EPSG:32650,0.18286620290738453,0.4651904595887807,1916224,EPSG:32650:1files:1916224valid,HLS-VI.S30.T50SPH.2018250T025541.v2.0.NDVI.tif
2018-09-09,7,"T50SPH,T50SQG,T51STB,T51STC,T51STV,T51SUB,T51SUC",2,"EPSG:32650,EPSG:32651",0.5703244995961506,0.2841584071956738,21595907,EPSG:32650:2files:7059315valid|EPSG:32651:5files:14536592valid,HLS-VI.S30.T50SPH.2018252T024539.v2.0.NDVI.tif|HLS-VI.S30.T50SQG.2018252T024539.v2.0.NDVI.tif|HLS-VI.S30.T51STB.2018252T024539.v2.0.NDVI.tif|HLS-VI.S30.T51STC.2018252T024539.v2.0.NDVI.tif|HLS-VI.S30.T51STV.2018252T024539.v2.0.NDVI.tif|HLS-VI.S30.T51SUB.2018252T024539.v2.0.NDVI.tif|HLS-VI.S30.T51SUC.2018252T024539.v2.0.NDVI.tif
2018-09-22,5,"T50SMF,T50SMG,T50SMH,T50SNH,T50SPH",1,EPSG:32650,0.5250767037314765,0.2912092817620239,24639813,EPSG:32650:5files:24639813valid,HLS-VI.S30.T50SMF.2018265T025539.v2.0.NDVI.tif|HLS-VI.S30.T50SMG.2018265T025539.v2.0.NDVI.tif|HLS-VI.S30.T50SMH.2018265T025539.v2.0.NDVI.tif|HLS-VI.S30.T50SNH.2018265T025539.v2.0.NDVI.tif|HLS-VI.S30.T50SPH.2018265T025539.v2.0.NDVI.tif
2018-09-30,1,T50SLG,1,EPSG:32650,0.3885316617495567,0.18031686088865467,285398,EPSG:32650:1files:285398valid,HLS-VI.S30.T50SLG.2018273T030541.v2.0.NDVI.tif
2018-10-02,6,"T50SLD,T50SLG,T50SME,T50SMG,T50SMH,T50SPH",1,EPSG:32650,0.3770013601275614,0.1977450373775485,26844688,EPSG:32650:6files:26844688valid,HLS-VI.S30.T50SLD.2018275T025539.v2.0.NDVI.tif|HLS-VI.S30.T50SLG.2018275T025539.v2.0.NDVI.tif|HLS-VI.S30.T50SME.2018275T025539.v2.0.NDVI.tif|HLS-VI.S30.T50SMG.2018275T025539.v2.0.NDVI.tif|HLS-VI.S30.T50SMH.2018275T025539.v2.0.NDVI.tif|HLS-VI.S30.T50SPH.2018275T025539.v2.0.NDVI.tif
2018-10-05,1,T50SMG,1,EPSG:32650,0.36779791827571423,0.15230382791935257,2360351,EPSG:32650:1files:2360351valid,HLS-VI.S30.T50SMG.2018278T030549.v2.0.NDVI.tif
2018-10-10,1,T50SLG,1,EPSG:32650,0.314732853170267,0.14820775203949504,285528,EPSG:32650:1files:285528valid,HLS-VI.S30.T50SLG.2018283T030631.v2.0.NDVI.tif
2018-10-11,1,T50SQE,1,EPSG:32650,0.20552843941630705,0.2611993823946116,70448,EPSG:32650:1files:70448valid,HLS-VI.S30.T50SQE.2018284T023621.v2.0.NDVI.tif
2018-10-12,1,T50SPD,1,EPSG:32650,0.39240790836889883,0.12439785378078143,320066,EPSG:32650:1files:320066valid,HLS-VI.S30.T50SPD.2018285T025639.v2.0.NDVI.tif
2018-10-19,4,"T50SNE,T50SPE,T51SUA,T51SUC",2,"EPSG:32650,EPSG:32651",0.416473345770626,0.1800339446193008,21461262,EPSG:32650:2files:19157026valid|EPSG:32651:2files:2304236valid,HLS-VI.S30.T50SNE.2018292T024719.v2.0.NDVI.tif|HLS-VI.S30.T50SPE.2018292T024719.v2.0.NDVI.tif|HLS-VI.S30.T51SUA.2018292T024719.v2.0.NDVI.tif|HLS-VI.S30.T51SUC.2018292T024719.v2.0.NDVI.tif
2018-10-24,4,"T50SQG,T51STB,T51STC,T51SUC",2,"EPSG:32650,EPSG:32651",0.36072308584516294,0.2051166423135293,13745492,EPSG:32650:1files:5665003valid|EPSG:32651:3files:8080489valid,HLS-VI.S30.T50SQG.2018297T024751.v2.0.NDVI.tif|HLS-VI.S30.T51STB.2018297T024751.v2.0.NDVI.tif|HLS-VI.S30.T51STC.2018297T024751.v2.0.NDVI.tif|HLS-VI.S30.T51SUC.2018297T024751.v2.0.NDVI.tif
2018-10-26,2,"T50SQE,T51STV",2,"EPSG:32650,EPSG:32651",0.19337494061178995,0.2518474874442743,164174,EPSG:32650:1files:77134valid|EPSG:32651:1files:87040valid,HLS-VI.S30.T50SQE.2018299T023759.v2.0.NDVI.tif|HLS-VI.S30.T51STV.2018299T023759.v2.0.NDVI.tif
2018-10-27,9,"T50SLD,T50SLG,T50SMD,T50SMF,T50SMG,T50SMH,T50SNE,T50SNF,T50SNG",1,EPSG:32650,0.35059941033575037,0.15714759412154544,63531747,EPSG:32650:9files:63531747valid,HLS-VI.S30.T50SLD.2018300T025811.v2.0.NDVI.tif|HLS-VI.S30.T50SLG.2018300T025811.v2.0.NDVI.tif|HLS-VI.S30.T50SMD.2018300T025811.v2.0.NDVI.tif|HLS-VI.S30.T50SMF.2018300T025811.v2.0.NDVI.tif|HLS-VI.S30.T50SMG.2018300T025811.v2.0.NDVI.tif|HLS-VI.S30.T50SMH.2018300T025811.v2.0.NDVI.tif|HLS-VI.S30.T50SNE.2018300T025811.v2.0.NDVI.tif|HLS-VI.S30.T50SNF.2018300T025811.v2.0.NDVI.tif|HLS-VI.S30.T50SNG.2018300T025811.v2.0.NDVI.tif
2018-10-29,7,"T50SND,T50SNE,T50SPH,T50SQD,T50SQE,T50SQG,T51STB",2,"EPSG:32650,EPSG:32651",0.33031992811708577,0.231339193059039,34040356,EPSG:32650:6files:25816297valid|EPSG:32651:1files:8224059valid,HLS-VI.S30.T50SND.2018302T024819.v2.0.NDVI.tif|HLS-VI.S30.T50SNE.2018302T024819.v2.0.NDVI.tif|HLS-VI.S30.T50SPH.2018302T024819.v2.0.NDVI.tif|HLS-VI.S30.T50SQD.2018302T024819.v2.0.NDVI.tif|HLS-VI.S30.T50SQE.2018302T024819.v2.0.NDVI.tif|HLS-VI.S30.T50SQG.2018302T024819.v2.0.NDVI.tif|HLS-VI.S30.T51STB.2018302T024819.v2.0.NDVI.tif
2018-10-30,1,T50SLG,1,EPSG:32650,0.2923811912654085,0.10778615739217737,285394,EPSG:32650:1files:285394valid,HLS-VI.S30.T50SLG.2018303T030831.v2.0.NDVI.tif
2018-10-31,3,"T50SQE,T51STA,T51STV",2,"EPSG:32650,EPSG:32651",0.34515966073675036,0.18964940410609643,4684327,EPSG:32650:1files:70839valid|EPSG:32651:2files:4613488valid,HLS-VI.S30.T50SQE.2018304T023831.v2.0.NDVI.tif|HLS-VI.S30.T51STA.2018304T023831.v2.0.NDVI.tif|HLS-VI.S30.T51STV.2018304T023831.v2.0.NDVI.tif
2018-11-01,3,"T50SNG,T50SPD,T50SPH",1,EPSG:32650,0.31262078209669236,0.16903723208564345,14910228,EPSG:32650:3files:14910228valid,HLS-VI.S30.T50SNG.2018305T025839.v2.0.NDVI.tif|HLS-VI.S30.T50SPD.2018305T025839.v2.0.NDVI.tif|HLS-VI.S30.T50SPH.2018305T025839.v2.0.NDVI.tif
2018-11-03,3,"T50SNG,T51STC,T51SUC",2,"EPSG:32650,EPSG:32651",0.30410305035706814,0.11186893128026197,2089657,EPSG:32650:1files:2089618valid|EPSG:32651:2files:39valid,HLS-VI.S30.T50SNG.2018307T024851.v2.0.NDVI.tif|HLS-VI.S30.T51STC.2018307T024851.v2.0.NDVI.tif|HLS-VI.S30.T51SUC.2018307T024851.v2.0.NDVI.tif
2018-11-10,5,"T50SQE,T51STV,T51SUA,T51SUC,T51SVA",2,"EPSG:32650,EPSG:32651",0.35222945855184684,0.16253206572626727,4408954,EPSG:32650:1files:62914valid|EPSG:32651:4files:4346040valid,HLS-VI.S30.T50SQE.2018314T023921.v2.0.NDVI.tif|HLS-VI.S30.T51STV.2018314T023921.v2.0.NDVI.tif|HLS-VI.S30.T51SUA.2018314T023921.v2.0.NDVI.tif|HLS-VI.S30.T51SUC.2018314T023921.v2.0.NDVI.tif|HLS-VI.S30.T51SVA.2018314T023921.v2.0.NDVI.tif
2018-11-16,1,T50SMH,1,EPSG:32650,0.39253411038563557,0.11875875144738612,156832,EPSG:32650:1files:156832valid,HLS-VI.S30.T50SMH.2018320T030001.v2.0.NDVI.tif
2018-11-19,1,T50SMF,1,EPSG:32650,0.4344420619819363,0.1401938117640438,2759675,EPSG:32650:1files:2759675valid,HLS-VI.S30.T50SMF.2018323T031011.v2.0.NDVI.tif
2018-11-24,1,T50SMF,1,EPSG:32650,0.41128661972921793,0.153955970212958,2646927,EPSG:32650:1files:2646927valid,HLS-VI.S30.T50SMF.2018328T031039.v2.0.NDVI.tif
2018-12-04,1,T50SLG,1,EPSG:32650,0.3477323697661393,0.1374827462410802,285640,EPSG:32650:1files:285640valid,HLS-VI.S30.T50SLG.2018338T031109.v2.0.NDVI.tif
2018-12-11,3,"T50SLF,T50SLG,T50SMG",1,EPSG:32650,0.41171649938751326,0.14774194637649,13402746,EPSG:32650:3files:13402746valid,HLS-VI.S30.T50SLF.2018345T030119.v2.0.NDVI.tif|HLS-VI.S30.T50SLG.2018345T030119.v2.0.NDVI.tif|HLS-VI.S30.T50SMG.2018345T030119.v2.0.NDVI.tif
2018-12-13,3,"T50SPD,T50SPH,T51STV",2,"EPSG:32650,EPSG:32651",0.32453665438967416,0.24880832807866796,8338090,EPSG:32650:2files:6426947valid|EPSG:32651:1files:1911143valid,HLS-VI.S30.T50SPD.2018347T025111.v2.0.NDVI.tif|HLS-VI.S30.T50SPH.2018347T025111.v2.0.NDVI.tif|HLS-VI.S30.T51STV.2018347T025111.v2.0.NDVI.tif
2018-12-16,2,"T50SLD,T50SMH",1,EPSG:32650,0.517275399085091,0.1905991919761725,3957552,EPSG:32650:2files:3957552valid,HLS-VI.S30.T50SLD.2018350T030121.v2.0.NDVI.tif|HLS-VI.S30.T50SMH.2018350T030121.v2.0.NDVI.tif
2018-12-18,5,"T50SPD,T51STC,T51STV,T51SUA,T51SUC",2,"EPSG:32650,EPSG:32651",0.3149980681942973,0.1730074612899177,9543144,EPSG:32650:1files:5224671valid|EPSG:32651:4files:4318473valid,HLS-VI.S30.T50SPD.2018352T025119.v2.0.NDVI.tif|HLS-VI.S30.T51STC.2018352T025119.v2.0.NDVI.tif|HLS-VI.S30.T51STV.2018352T025119.v2.0.NDVI.tif|HLS-VI.S30.T51SUA.2018352T025119.v2.0.NDVI.tif|HLS-VI.S30.T51SUC.2018352T025119.v2.0.NDVI.tif
2018-12-28,1,T50SPE,1,EPSG:32650,0.2634851681799215,0.14835413513852685,12970276,EPSG:32650:1files:12970276valid,HLS-VI.S30.T50SPE.2018362T025119.v2.0.NDVI.tif
2018-12-31,1,T50SMG,1,EPSG:32650,0.37774644289299536,0.14142281924082958,8953779,EPSG:32650:1files:8953779valid,HLS-VI.S30.T50SMG.2018365T030129.v2.0.NDVI.tif
