province,year,mean_ndvi,source_file,source_ndvi_col,n_source_rows
anhui,2018,154.0,ndvi_outputs\anhui\Anhui_annual_ndvi_2018.csv,n_ndvi_files_used,1
beijing,2018,73.0,ndvi_outputs\beijing\Beijing_annual_ndvi_2018.csv,n_ndvi_files_used,1
chongqing,2018,143.0,ndvi_outputs\chongqing\Chongqing_annual_ndvi_2018.csv,n_ndvi_files_used,1
fujian,2018,167.0,ndvi_outputs\fujian\Fujian_annual_ndvi_2018.csv,n_ndvi_files_used,1
gansu,2018,2523.0,ndvi_outputs\gansu\Gansu_annual_ndvi_2018.csv,n_ndvi_files_used,1
guangdong,2018,330.0,ndvi_outputs\guangdong\Guangdong_annual_ndvi_2018.csv,n_ndvi_files_used,1
guangxi,2018,301.0,ndvi_outputs\guangxi\Guangxi_annual_ndvi_2018.csv,n_ndvi_files_used,1
guizhou,2018,202.0,ndvi_outputs\guizhou\Guizhou_annual_ndvi_2018.csv,n_ndvi_files_used,1
hebei,2018,100.0,ndvi_outputs\hebei\Hebei_annual_ndvi_2018.csv,n_ndvi_files_used,1
heilongjiang,2018,1359.0,ndvi_outputs\heilongjiang\Heilongjiang_annual_ndvi_2018.csv,n_ndvi_files_used,1
henan,2018,198.0,ndvi_outputs\henan\Henan_annual_ndvi_2018.csv,n_ndvi_files_used,1
hubei,2018,445.0,ndvi_outputs\hubei\Hubei_annual_ndvi_2018.csv,n_ndvi_files_used,1
hunan,2018,256.0,ndvi_outputs\hunan\Hunan_annual_ndvi_2018.csv,n_ndvi_files_used,1
inner_mongolia,2018,3267.0,ndvi_outputs\inner_mongolia\Inner_Mongolia_annual_ndvi_2018.csv,n_ndvi_files_used,1
jiangsu,2018,147.0,ndvi_outputs\jiangsu\Jiangsu_annual_ndvi_2018.csv,n_ndvi_files_used,1
jiangxi,2018,288.0,ndvi_outputs\jiangxi\Jiangxi_annual_ndvi_2018.csv,n_ndvi_files_used,1
jilin,2018,434.0,ndvi_outputs\jilin\Jilin_annual_ndvi_2018.csv,n_ndvi_files_used,1
liaoning,2018,100.0,ndvi_outputs\liaoning\Liaoning_annual_ndvi_2018.csv,n_ndvi_files_used,1
ningxia,2018,438.0,ndvi_outputs\ningxia\Ningxia_annual_ndvi_2018.csv,n_ndvi_files_used,1
qinghai,2018,923.0,ndvi_outputs\qinghai\Qinghai_annual_ndvi_2018.csv,n_ndvi_files_used,1
shaanxi,2018,1128.0,ndvi_outputs\shaanxi\Shaanxi_annual_ndvi_2018.csv,n_ndvi_files_used,1
shandong,2018,216.0,ndvi_outputs\shandong\Shandong_annual_ndvi_2018.csv,n_ndvi_files_used,1
shanghai,2018,14.0,ndvi_outputs\shanghai\Shanghai_annual_ndvi_2018.csv,n_ndvi_files_used,1
shanxi,2018,476.0,ndvi_outputs\shanxi\Shanxi_annual_ndvi_2018.csv,n_ndvi_files_used,1
sichuan,2018,702.0,ndvi_outputs\sichuan\Sichuan_annual_ndvi_2018.csv,n_ndvi_files_used,1
tianjin,2018,38.0,ndvi_outputs\tianjin\Tianjin_annual_ndvi_2018.csv,n_ndvi_files_used,1
yunnan,2018,978.0,ndvi_outputs\yunnan\Yunnan_annual_ndvi_2018.csv,n_ndvi_files_used,1
zhejiang,2018,201.0,ndvi_outputs\zhejiang\Zhejiang_annual_ndvi_2018.csv,n_ndvi_files_used,1
